"","g","year","month","age","location","opp","minutes","seconds","result","fg","fga","fg_percent","three_pts","three_pa","three_pts_percent","ft","fta","ft_percent","orb","drb","trb","ast","stl","blk","tov","pf","pts","gm_sc","pm","ts_percent","efg_percent","orb_percent","drb_percent","trb_percent","ast_percent","stl_percent","blk_percent","tov_percent","usg_percent","ortg","drtg","bpm"
"1",1,2015,10,20,"Away","HOU",3,55,"W",1,1,1,0,0,NA,0,0,NA,0,0,0,0,0,0,1,0,2,0.7,1,1,1,0,0,0,0,0,0,50,22.7,67,102,-7.8
"2",2,2015,10,20,"Home","MIN",18,9,"L",5,8,0.625,0,0,NA,0,0,NA,3,6,9,1,0,0,2,3,10,7.8,10,0.625,0.625,13.4,38.7,23.8,16.8,0,0,20,22.5,103,98,3.2
"3",3,2015,11,20,"Away","OKC",24,26,"L",4,9,0.444,0,0,NA,0,0,NA,3,1,4,0,0,0,1,2,8,3.9,-2,0.444,0.444,11.6,5.8,9.2,0,0,0,10,17.3,93,129,-9.6
"4",4,2015,11,20,"Home","UTA",17,44,"L",1,4,0.25,0,0,NA,3,4,0.75,1,2,3,0,0,1,1,1,5,2.8,-6,0.434,0.25,6.4,11.8,9.2,0,0,4.4,14.8,18.3,87,111,-6.9
"5",5,2015,11,20,"Away","GSW",17,0,"L",2,4,0.5,0,0,NA,0,2,0,2,2,4,1,1,1,1,1,4,4.2,-5,0.41,0.5,11.3,12,11.6,8.5,2.6,5,17,13.8,86,109,-2.8
"6",6,2015,11,20,"Home","POR",15,37,"W",3,3,1,0,0,NA,4,4,1,0,2,2,1,2,0,1,2,10,10.6,-1,1.05,1,0,12.5,7.1,10,6.3,0,17.4,16.8,175,98,13.2
"7",7,2015,11,20,"Home","MIL",14,26,"W",4,7,0.571,0,0,NA,0,1,0,3,2,5,4,2,0,2,0,8,9.8,9,0.538,0.571,25.6,22.2,24.1,51.8,7.6,0,21.2,30.3,111,105,11.4
"8",8,2015,11,20,"Home","HOU",5,48,"W",1,3,0.333,0,1,0,1,2,0.5,2,3,5,0,0,0,1,2,3,1.4,5,0.387,0.333,37.6,59.1,48.1,0,0,0,20.5,35.7,84,93,-16
"9",9,2015,11,20,"Away","PHO",18,17,"L",2,3,0.667,0,0,NA,0,0,NA,2,4,6,0,3,0,0,3,4,7.1,2,0.667,0.667,9.4,24.4,15.9,0,7.8,0,0,7.1,146,89,2
"10",10,2015,11,20,"Away","NOP",0,40,"W",0,0,NA,0,0,NA,0,0,NA,1,0,1,0,0,0,0,0,0,0.7,0,NA,NA,100,0,94.7,0,0,0,NA,0,230,118,11.5
"11",11,2015,11,20,"Away","SAS",31,54,"L",8,13,0.615,1,1,1,6,6,1,6,6,12,0,2,3,0,2,23,26.4,-2,0.735,0.654,15.8,21,18.1,0,3.3,6.6,0,21,161,108,16.7
"12",12,2015,11,20,"Home","PHO",17,51,"L",2,6,0.333,0,1,0,2,2,1,2,2,4,1,1,0,0,3,6,5.1,-9,0.436,0.333,11.7,15.8,13.4,7.5,2.8,0,0,16.5,116,117,-4.8
"13",13,2015,11,20,"Home","GSW",27,21,"L",3,7,0.429,0,0,NA,5,7,0.714,4,7,11,2,2,1,1,0,11,14.5,-12,0.546,0.429,14.6,31.5,22.2,11.1,3.4,2.9,9,16.2,122,105,6.3
"14",14,2015,11,20,"Home","LAC",24,27,"L",7,13,0.538,0,1,0,2,3,0.667,1,5,6,2,0,0,1,5,16,9.9,-4,0.559,0.538,4.9,19.2,12.9,22.8,0,0,6.5,28.2,111,115,2.8
"15",15,2015,11,20,"Home","SAS",12,24,"L",3,4,0.75,0,0,NA,0,0,NA,1,1,2,0,0,0,3,4,6,0.8,5,0.75,0.75,8.6,11.4,9.8,0,0,0,42.9,26.9,75,104,-12.2
"16",16,2015,11,20,"Away","DAL",18,34,"L",2,3,0.667,1,1,1,3,4,0.75,2,4,6,0,1,0,3,3,8,5.7,-7,0.84,0.833,12.3,23,17.8,0,2.9,0,38.7,19.6,102,99,-1.3
"17",17,2015,11,20,"Away","MIL",25,22,"L",4,7,0.571,0,1,0,0,2,0,1,5,6,2,0,2,1,1,8,7.5,-14,0.508,0.571,4.7,23.1,14,18.5,0,6.4,11.3,16.2,96,99,3.2
"18",18,2015,12,20,"Away","CHI",10,8,"L",3,6,0.5,1,1,1,0,0,NA,0,3,3,0,0,1,0,1,7,5.2,-1,0.583,0.583,0,27.9,12.8,0,0,6.6,0,25.9,108,97,7.4
"19",19,2015,12,20,"Away","TOR",13,54,"W",4,7,0.571,0,0,NA,0,0,NA,1,5,6,0,0,0,0,0,8,6.9,3,0.571,0.571,9.6,38.4,25.6,0,0,0,0,24.2,114,110,-0.2
"20",20,2015,12,20,"Home","ORL",17,4,"L",2,6,0.333,0,0,NA,0,0,NA,1,3,4,1,0,0,0,1,4,2.5,2,0.333,0.333,5.2,18,11.1,12.6,0,0,0,15.4,79,91,-5.1
"21",21,2015,12,20,"Home","MIN",24,31,"W",5,10,0.5,1,2,0.5,8,8,1,3,3,6,4,1,0,2,5,19,16.8,9,0.703,0.55,15.1,13,13.9,31.8,2.1,0,12.9,29.8,139,106,11.8
"22",22,2015,12,20,"Home","HOU",22,5,"W",3,3,1,0,0,NA,3,3,1,0,7,7,1,1,0,1,1,9,10.5,24,1.042,1,0,36.2,19.5,6.1,2.3,0,18.8,10.4,167,112,4.7
"23",23,2015,12,20,"Away","MIN",20,33,"W",3,4,0.75,0,0,NA,0,0,NA,2,1,3,2,2,2,2,3,6,7.7,12,0.75,0.75,15.1,6,10,13.7,5.4,7,33.3,14.2,118,106,4.2
"24",24,2015,12,20,"Away","UTA",21,1,"L",1,5,0.2,0,2,0,5,6,0.833,3,7,10,0,1,0,2,3,7,5.5,-5,0.458,0.2,14,47,27.5,0,2.6,0,20.7,21.2,93,105,-6.2
"25",25,2015,12,20,"Home","NOP",22,53,"L",6,8,0.75,0,1,0,1,2,0.5,1,2,3,2,0,1,0,2,13,12,11,0.732,0.75,5,12.7,8.4,12.9,0,3.9,0,16.8,159,138,2.1
"26",26,2015,12,20,"Home","LAL",29,59,"L",5,7,0.714,0,0,NA,5,6,0.833,6,4,10,5,0,0,3,1,15,17.2,3,0.778,0.714,22.9,15.2,19.1,24.3,0,0,23.7,18.3,140,120,6.2
"27",27,2015,12,20,"Away","PHO",21,32,"W",5,7,0.714,1,2,0.5,2,2,1,5,4,9,2,1,0,2,3,13,14,18,0.825,0.786,23.7,18.2,20.9,14.4,2.3,0,20.2,19.4,144,97,8.8
"28",28,2015,12,20,"Away","SAS",26,9,"L",10,19,0.526,1,2,0.5,1,2,0.5,5,2,7,5,1,1,3,4,22,17,7,0.553,0.553,23.5,9.7,16.7,46.7,2,2.6,13.1,40.5,106,111,12.9
"29",29,2015,12,20,"Away","OKC",17,21,"L",3,7,0.429,1,1,1,0,0,NA,1,2,3,2,1,0,2,4,7,3.4,4,0.5,0.5,5.9,16.8,10.4,14.7,3,0,22.2,22.5,95,129,-6
"30",30,2015,12,20,"Home","CLE",22,25,"L",4,11,0.364,0,0,NA,2,3,0.667,2,5,7,1,1,1,2,6,10,4.4,4,0.406,0.364,9.1,21.8,15.6,7.5,2.2,3.3,14,27.4,82,90,-4.9
"31",31,2015,12,20,"Away","POR",18,22,"L",3,6,0.5,0,0,NA,4,4,1,3,3,6,1,0,2,2,0,10,10.1,0,0.644,0.5,16.7,17.8,17.2,9,0,9.5,20.5,23.3,120,114,2.5
"32",32,2016,1,20,"Away","GSW",5,24,"L",0,0,NA,0,0,NA,0,0,NA,0,1,1,1,0,0,2,2,0,-1.8,-17,NA,NA,0,26.5,9.9,22.3,0,0,100,15.3,19,112,-25
"33",33,2016,1,20,"Home","POR",21,54,"L",3,7,0.429,0,1,0,3,4,0.75,4,6,10,2,2,1,2,5,9,9.6,0,0.514,0.429,17.9,39.9,26.7,16,4.8,4,18.6,21.6,108,109,0.5
"34",34,2016,1,20,"Away","MIN",25,45,"W",2,5,0.4,0,1,0,0,0,NA,2,3,5,3,0,0,2,1,4,3.3,-7,0.4,0.4,8.3,13.6,10.8,22.1,0,0,28.6,13.1,81,96,-4.6
"35",35,2016,1,20,"Away","MEM",18,31,"L",4,4,1,1,1,1,0,0,NA,3,2,5,1,0,0,1,2,9,9.4,4,1.125,1.125,15.2,10.2,12.7,12,0,0,20,11.5,165,106,10.3
"36",36,2016,1,20,"Home","CHO",23,8,"W",2,4,0.5,0,1,0,0,0,NA,0,7,7,9,0,1,1,1,4,9.7,4,0.5,0.5,0,32.3,17.3,67.1,0,4.4,20,10.4,132,98,11.7
"37",37,2016,1,20,"Home","GSW",15,45,"W",3,6,0.5,0,1,0,0,0,NA,3,4,7,2,3,0,1,4,6,8.1,13,0.5,0.5,20.3,28.3,24.2,21.9,9.1,0,14.3,18.3,112,91,7.8
"38",38,2016,1,20,"Home","MIA",17,40,"L",4,7,0.571,0,0,NA,1,1,1,2,4,6,5,0,1,1,2,9,10.7,3,0.605,0.571,13.9,27.2,20.6,64.3,0,3.9,11.8,22.4,127,103,13.7
"39",39,2016,1,20,"Home","IND",24,14,"W",6,11,0.545,1,3,0.333,5,6,0.833,2,0,2,3,4,0,1,2,18,18,4,0.66,0.591,9.7,0,5.3,17.4,7.8,0,6.8,23.3,147,116,11.9
"40",40,2016,1,20,"Home","OKC",19,9,"L",2,4,0.5,0,1,0,2,2,1,1,2,3,1,1,0,1,2,6,5.2,3,0.615,0.5,5.2,9.6,7.5,8.4,2.4,0,17,12.7,115,107,-0.1
"41",41,2016,1,20,"Home","MEM",13,43,"L",2,3,0.667,0,0,NA,5,5,1,1,1,2,2,2,0,0,3,9,10.9,-1,0.865,0.667,8.1,10.3,9.1,24.1,7.8,0,0,17.9,192,100,18.8
"42",42,2016,1,20,"Home","DET",31,50,"W",7,11,0.636,1,1,1,2,2,1,1,4,5,3,2,3,0,3,17,19,6,0.715,0.682,3.5,15.1,9.1,17.8,3.2,8.2,0,18.1,147,102,10.5
"43",43,2016,1,20,"Home","ATL",18,15,"L",5,7,0.714,0,1,0,5,6,0.833,3,7,10,3,2,1,0,2,15,19.9,12,0.778,0.714,17.9,44.9,30.9,39.8,5.3,4.5,0,22,173,104,25.6
"44",44,2016,1,20,"Away","BOS",19,12,"L",1,6,0.167,0,0,NA,1,2,0.5,3,4,7,4,1,1,3,2,3,2.8,-7,0.218,0.167,15.6,18.9,17.3,29.9,2.5,3.7,30.4,20.9,65,103,-4.7
"45",45,2016,1,20,"Away","WAS",25,28,"W",7,12,0.583,0,1,0,1,3,0.333,5,5,10,3,1,1,0,5,15,15.4,6,0.563,0.583,26.2,21.4,23.6,20.3,1.9,3.1,0,22.7,134,110,4.5
"46",46,2016,1,20,"Away","IND",35,18,"L",7,15,0.467,1,2,0.5,1,1,1,3,8,11,2,5,0,3,4,16,14.6,11,0.518,0.5,10.5,23.6,17.6,10.2,7.1,0,16.3,23.7,95,90,4.5
"47",47,2016,2,20,"Home","TOR",29,57,"W",12,18,0.667,1,3,0.333,2,4,0.5,3,11,14,4,0,1,2,3,27,24.1,12,0.683,0.694,14.6,34.6,26.7,24.9,0,3,9.2,32.1,130,91,12.2
"48",48,2016,2,20,"Away","UTA",29,1,"L",3,9,0.333,1,2,0.5,1,2,0.5,3,3,6,4,2,0,0,5,8,8.3,-3,0.405,0.389,12.7,12.4,12.6,31.5,3.8,0,0,16.6,110,97,4.9
"49",49,2016,2,20,"Home","CHI",25,42,"W",6,14,0.429,2,2,1,2,2,1,4,8,12,3,0,2,1,6,16,13.9,5,0.538,0.5,17.8,32.5,25.5,20.2,0,4.6,6.3,25.5,124,105,4.1
"50",50,2016,2,20,"Away","NYK",18,34,"W",4,9,0.444,1,1,1,4,4,1,3,3,6,0,1,0,1,3,13,10.1,-4,0.604,0.5,16.5,16.5,16.5,0,2.8,0,8.5,28.9,123,102,4.3
"51",51,2016,2,20,"Away","BRK",13,57,"L",1,5,0.2,0,1,0,0,0,NA,1,2,3,0,1,0,1,2,2,-0.6,-10,0.2,0.2,8,18.1,12.7,0,3.7,0,16.7,19.2,48,109,-18.3
"52",52,2016,2,20,"Away","DET",24,55,"W",2,7,0.286,0,1,0,1,1,1,0,6,6,2,1,0,1,0,5,4.1,5,0.336,0.286,0,25.1,13,11,2,0,11.8,15.4,72,95,-5.9
"53",53,2016,2,21,"Away","SAC",3,40,"L",0,0,NA,0,0,NA,0,0,NA,0,1,1,0,0,0,1,4,0,-2.3,-3,NA,NA,0,31.2,14.7,0,0,0,100,11,0,108,-36.4
"54",54,2016,2,21,"Home","BOS",30,12,"L",10,15,0.667,1,2,0.5,2,2,1,3,10,13,4,2,0,4,4,23,20.8,-11,0.724,0.7,12.2,35.3,24.6,35.1,3.1,0,20.1,28.2,120,108,9.7
"55",55,2016,2,21,"Home","SAC",20,11,"L",4,8,0.5,1,2,0.5,4,4,1,4,9,13,6,2,0,2,5,13,16.7,-5,0.666,0.563,17,56.3,32.9,45.3,4.5,0,17,23,134,99,16.7
"56",56,2016,2,21,"Away","LAC",26,13,"W",3,9,0.333,1,4,0.25,0,0,NA,4,7,11,3,1,1,3,2,7,6.8,8,0.389,0.389,14.1,24.6,19.4,19.3,1.9,4.7,25,19.4,80,80,1.7
"57",57,2016,2,21,"Away","DAL",10,58,"L",2,4,0.5,0,0,NA,1,2,0.5,3,1,4,2,0,0,1,3,5,4.2,4,0.512,0.5,27.4,11.8,20.6,29,0,0,17,23.4,118,124,-0.1
"58",58,2016,2,21,"Home","MEM",19,6,"L",3,4,0.75,0,0,NA,4,4,1,0,6,6,3,1,1,3,2,10,10.2,-2,0.868,0.75,0,41.9,22.5,23.2,2.8,4.6,34.2,22.4,121,104,8.2
"59",59,2016,3,21,"Home","LAL",28,23,"W",3,8,0.375,1,2,0.5,7,8,0.875,1,5,6,3,0,2,1,5,14,11.9,17,0.608,0.438,5.3,20.6,13.9,15.4,0,7,8,20,132,113,0.4
"60",60,2016,3,21,"Home","BRK",33,52,"L",6,14,0.429,0,2,0,3,3,1,2,10,12,4,1,1,2,5,15,12.5,-1,0.49,0.429,7.3,38.2,22.4,17.1,1.5,2.3,11.5,22.2,111,115,-2.9
"61",61,2016,3,21,"Home","DAL",20,39,"W",4,11,0.364,0,2,0,5,5,1,2,10,12,3,2,1,3,4,13,11.5,9,0.492,0.364,9.3,52.4,29.6,22.8,4.9,4.9,18.5,32.2,98,90,6.2
"62",62,2016,3,21,"Home","NYK",33,52,"W",9,20,0.45,0,1,0,2,4,0.5,3,6,9,3,1,1,1,0,20,15.5,10,0.46,0.45,8.9,21.3,14.5,13.2,1.5,2.5,4.4,28.5,100,96,2.5
"63",63,2016,3,21,"Home","PHO",27,24,"W",6,8,0.75,1,2,0.5,5,5,1,2,8,10,4,2,3,0,4,18,23.9,20,0.882,0.813,7.5,26,17.3,20.9,3.6,8.6,0,16.2,190,88,19.7
"64",64,2016,3,21,"Home","WAS",16,31,"W",0,0,NA,0,0,NA,0,0,NA,0,5,5,3,0,0,2,4,0,0,-4,NA,NA,0,30.9,17.9,20.8,0,0,100,5.1,63,98,-5.3
"65",65,2016,3,21,"Away","MIA",27,48,"L",5,10,0.5,1,2,0.5,1,2,0.5,3,5,8,4,2,1,1,2,12,13.9,4,0.551,0.55,12.9,26.2,18.9,17.1,3.5,2.8,8.4,18,128,120,6.2
"66",66,2016,3,21,"Away","ORL",25,19,"L",5,8,0.625,1,1,1,3,3,1,3,3,6,4,1,1,2,3,14,14.7,-5,0.751,0.688,15.8,15.8,15.8,24.8,1.9,3.4,17.7,20.1,140,116,8.5
"67",67,2016,3,21,"Away","ATL",22,6,"L",4,7,0.571,0,1,0,0,0,NA,1,4,5,2,1,1,1,2,8,7.9,-25,0.571,0.571,5.2,23.5,13.7,14.3,2.3,4,12.5,16,110,116,1.8
"68",68,2016,3,21,"Away","CHO",24,45,"W",5,16,0.313,1,2,0.5,0,0,NA,6,8,14,4,0,1,1,6,11,8.5,6,0.344,0.344,26.4,34.5,30.5,27.4,0,3.8,5.9,29.9,99,97,-0.7
"69",69,2016,3,21,"Away","CLE",22,36,"L",4,12,0.333,0,1,0,3,3,1,1,3,4,3,3,0,2,2,11,8.1,-24,0.413,0.333,4.7,19.3,10.9,27.1,6.7,0,13.1,30.1,86,121,-0.6
"70",70,2016,3,21,"Home","PHI",27,0,"W",5,6,0.833,0,0,NA,8,12,0.667,1,7,8,5,1,0,1,1,18,20.1,9,0.798,0.833,4,26.5,15.6,36.9,1.8,0,8.1,19.9,158,104,14.4
"71",71,2016,3,21,"Away","LAL",21,42,"W",4,9,0.444,0,2,0,0,0,NA,2,10,12,4,0,0,1,3,8,8.3,-2,0.444,0.444,9,52.7,29.2,24.5,0,0,10,19.5,106,105,-2.1
"72",72,2016,3,21,"Away","LAC",20,51,"L",2,7,0.286,0,1,0,1,2,0.5,3,6,9,2,1,0,0,1,5,6.4,-18,0.317,0.286,14.7,33.7,23.5,14.2,2.6,0,0,15.8,103,109,-1
"73",73,2016,3,21,"Home","DAL",23,55,"L",1,7,0.143,0,2,0,0,0,NA,0,8,8,2,2,0,3,2,2,-0.5,10,0.143,0.143,0,34.2,20.6,13.8,4.5,0,30,20.2,33,97,-10.6
"74",74,2016,3,21,"Away","MEM",28,41,"W",4,6,0.667,1,1,1,0,0,NA,5,9,14,1,0,1,1,5,9,11,3,0.75,0.75,22.6,29.5,26.6,5.3,0,2.2,14.3,11.4,150,107,0.4
"75",75,2016,3,21,"Away","NOP",23,6,"L",4,7,0.571,1,3,0.333,0,0,NA,2,6,8,3,1,1,1,1,9,11.3,-8,0.643,0.643,9.2,27.1,18.3,22.5,2.2,3.4,12.5,16.1,123,102,5.7
"76",76,2016,4,21,"Home","SAC",32,14,"L",2,6,0.333,0,1,0,2,2,1,4,9,13,5,1,2,0,2,6,13.2,-1,0.436,0.333,11.5,29.1,19.8,20.1,1.6,4.4,0,9.1,137,113,2.3
"77",77,2016,4,21,"Home","OKC",19,3,"L",3,5,0.6,1,3,0.333,0,0,NA,0,2,2,2,0,2,0,2,7,7.3,-9,0.7,0.7,0,12.3,5.4,17.1,0,9.3,0,11.2,141,123,3.1
"78",78,2016,4,21,"Home","SAS",32,13,"W",3,9,0.333,0,2,0,2,2,1,3,12,15,4,1,1,0,2,8,12.3,24,0.405,0.333,9.9,38,24.3,16.8,1.5,2.1,0,14,112,97,2.7
"79",79,2016,4,21,"Home","UTA",36,2,"L",7,9,0.778,0,2,0,5,6,0.833,3,8,11,4,2,1,1,4,19,22.5,-16,0.816,0.778,9.1,23.2,16.3,23.5,3,2.8,7.9,16.9,159,107,13
"80",80,2016,4,21,"Away","POR",34,56,"L",7,10,0.7,1,2,0.5,3,3,1,6,7,13,5,0,0,2,3,18,20.4,4,0.795,0.75,15.9,20.9,18.2,22.6,0,0,15,15,151,113,7.9
"81",1,2016,10,21,"Away","NOP",21,8,"W",2,5,0.4,1,2,0.5,0,0,NA,1,6,7,2,0,0,4,4,5,0.6,5,0.5,0.5,5.8,26.2,17.5,14,0,0,44.4,16.8,68,98,-8.9
"82",2,2016,10,21,"Home","POR",34,6,"L",10,20,0.5,1,5,0.2,2,3,0.667,6,11,17,2,4,1,1,5,23,23.2,-1,0.539,0.525,16.7,34.2,24.9,13.8,5.4,2.4,4.5,25.9,119,89,12.3
"83",3,2016,10,21,"Away","TOR",22,22,"L",6,9,0.667,0,1,0,0,0,NA,2,2,4,1,0,0,4,4,12,5.2,-9,0.667,0.667,10,9.3,9.6,10.7,0,0,30.8,26.7,95,119,-7.6
"84",4,2016,11,21,"Away","MIN",14,26,"W",3,3,1,0,0,NA,2,4,0.5,1,2,3,5,0,0,1,3,8,8.9,7,0.84,1,9.2,13,11.5,57.3,0,0,17.4,17.1,154,104,14.3
"85",5,2016,11,21,"Away","DET",22,42,"L",3,9,0.333,0,0,NA,0,0,NA,2,4,6,0,1,1,1,3,6,3,-14,0.333,0.333,7.8,20.6,13.4,0,2.2,3.3,10,17.8,73,102,-6.5
"86",6,2016,11,21,"Away","BOS",22,15,"W",4,5,0.8,0,1,0,1,1,1,0,5,5,2,1,1,1,2,9,9.9,6,0.827,0.8,0,22,12.5,12.2,2.2,3.3,15.5,12.1,145,102,5.6
"87",7,2016,11,21,"Away","MEM",28,22,"L",4,10,0.4,1,3,0.333,3,4,0.75,1,4,5,2,2,0,0,4,12,9.9,5,0.51,0.45,5.6,16.5,11.9,12,3.4,0,0,18.6,117,106,0.6
"88",8,2016,11,21,"Home","GSW",18,29,"L",1,5,0.2,0,3,0,2,2,1,1,2,3,2,1,0,0,3,4,3.4,-21,0.34,0.2,5,14.4,8.9,14.7,2.6,0,0,12.8,105,125,-5.5
"89",9,2016,11,21,"Home","DET",20,27,"L",2,7,0.286,0,0,NA,2,2,1,2,1,3,1,1,0,1,1,6,3.9,-6,0.381,0.286,11.7,6,8.9,7.5,2.6,0,11.3,19.4,94,118,-6.3
"90",10,2016,11,21,"Away","POR",25,56,"L",0,3,0,0,0,NA,0,0,NA,0,5,5,3,1,1,2,5,0,-0.8,11,0,0,0,16.2,9,15.4,1.8,2.6,40,7.6,33,107,-8.4
"91",11,2016,11,21,"Home","PHO",19,19,"W",3,4,0.75,0,0,NA,4,5,0.8,0,2,2,2,0,0,1,3,10,7.8,-1,0.806,0.75,0,11.8,5.9,13.2,0,0,13.9,15.2,148,109,1.4
"92",12,2016,11,21,"Home","TOR",27,17,"L",4,8,0.5,0,2,0,0,0,NA,2,10,12,4,0,2,3,3,8,8.4,3,0.5,0.5,8.3,34.7,22.6,24.9,0,5.5,27.3,17.9,88,98,0.2
"93",13,2016,11,21,"Home","UTA",20,50,"W",5,8,0.625,1,1,1,1,2,0.5,2,4,6,4,0,1,0,3,12,12.9,11,0.676,0.688,9.8,18.1,14.1,30.2,0,4,0,19.1,150,98,14
"94",14,2016,11,21,"Home","CHI",18,29,"W",3,5,0.6,0,0,NA,2,2,1,3,5,8,3,1,1,0,1,8,12.7,13,0.68,0.6,14.2,27.1,20.2,22.1,2.7,3.4,0,13,166,102,12.4
"95",15,2016,11,21,"Away","UTA",22,39,"L",4,6,0.667,0,0,NA,1,2,0.5,1,4,5,6,0,0,0,4,9,10.5,-3,0.654,0.667,3.5,21.7,10.6,65.1,0,0,0,13.1,153,112,9.1
"96",16,2016,11,21,"Home","OKC",29,21,"L",3,7,0.429,1,2,0.5,0,0,NA,3,3,6,5,0,2,3,5,7,6.2,-8,0.5,0.5,11.8,11.8,11.8,21.2,0,5.2,30,14,100,119,-5.5
"97",17,2016,11,21,"Away","PHO",31,0,"W",3,8,0.375,1,2,0.5,6,6,1,3,8,11,3,0,1,1,2,13,14.1,9,0.611,0.438,9.9,25.8,17.9,13.5,0,2.4,8.6,15.7,137,109,2.6
"98",18,2016,11,21,"Home","MIA",24,0,"L",7,11,0.636,0,0,NA,3,4,0.75,3,11,14,3,1,0,1,3,17,18,1,0.666,0.636,11.8,42.3,27.2,25,2,0,7.3,22.8,133,96,13.4
"99",19,2016,12,21,"Away","BRK",21,12,"L",5,7,0.714,0,0,NA,4,4,1,7,3,10,3,0,1,1,3,14,17.5,18,0.799,0.714,27.3,16.2,22.6,22.1,0,3.8,10.2,16.8,168,116,13.5
"100",20,2016,12,21,"Away","WAS",27,31,"L",6,10,0.6,0,0,NA,5,7,0.714,7,4,11,1,0,1,4,1,17,14.7,-20,0.65,0.6,29.8,17.9,24,8.5,0,3,23.4,26.2,109,99,5.7
"101",21,2016,12,21,"Away","ORL",26,20,"W",6,11,0.545,0,3,0,2,2,1,1,5,6,6,1,2,1,3,14,15.3,22,0.589,0.545,5.2,22.8,14.6,30.3,1.9,6,7.8,22.1,132,109,8.8
"102",22,2016,12,21,"Away","DAL",26,28,"L",10,12,0.833,0,0,NA,7,7,1,7,4,11,4,1,1,1,1,27,31.8,2,0.895,0.833,27.6,23.4,25.9,43,2.2,3.6,6.2,27.3,182,130,32.5
"103",23,2016,12,21,"Home","POR",19,23,"W",5,6,0.833,1,1,1,2,3,0.667,0,4,4,5,0,0,1,5,13,12.1,15,0.888,0.917,0,21.5,12.9,40.4,0,0,12,18,165,119,10
"104",24,2016,12,21,"Home","NYK",20,13,"W",5,8,0.625,0,0,NA,0,0,NA,2,7,9,5,0,0,1,5,10,10.4,6,0.625,0.625,12.8,42.6,28.1,31.1,0,0,11.1,19,139,116,4.6
"105",25,2016,12,21,"Home","DAL",38,2,"W",13,17,0.765,1,1,1,0,0,NA,3,14,17,9,1,0,3,1,27,30.5,16,0.794,0.794,11.8,46.5,30.6,39.7,1.4,0,15,25.5,147,116,14.2
"106",26,2016,12,21,"Away","LAC",20,43,"L",4,7,0.571,0,2,0,1,2,0.5,2,4,6,1,0,0,2,3,9,5.4,-21,0.571,0.571,9.9,25.7,16.7,7.8,0,0,20.2,20.7,101,126,-7.2
"107",27,2016,12,21,"Home","ATL",19,7,"L",3,4,0.75,1,1,1,1,2,0.5,1,6,7,6,0,3,5,6,8,7.4,5,0.82,0.875,6.6,31.4,20.4,51.1,0,12.3,50.6,22.9,95,100,5.7
"108",28,2016,12,21,"Away","LAC",32,25,"W",11,16,0.688,2,3,0.667,0,1,0,2,8,10,4,3,0,2,4,24,22.8,17,0.73,0.75,6.6,26.9,16.6,30,4.6,0,10.8,25.2,132,99,13.9
"109",29,2016,12,21,"Home","MIN",34,26,"W",6,12,0.5,0,2,0,4,5,0.8,2,6,8,11,0,1,2,3,16,18,-3,0.563,0.5,8,18.2,13.8,45.6,0,2,12.3,22.1,130,114,8.7
"110",30,2016,12,21,"Home","PHI",22,16,"L",9,13,0.692,0,0,NA,7,9,0.778,2,5,7,4,0,0,2,5,25,20.4,-1,0.737,0.692,10.8,22,17,44,0,0,10.5,36.5,140,126,11.5
"111",31,2017,1,21,"Away","GSW",24,48,"L",8,17,0.471,1,2,0.5,4,4,1,8,5,13,5,1,0,2,2,21,21.1,-5,0.56,0.5,32.9,22,27.6,29.8,1.9,0,9.6,32.7,129,122,11.2
"112",32,2017,1,21,"Home","SAC",28,23,"L",7,11,0.636,1,2,0.5,3,3,1,1,5,6,5,1,1,1,3,18,18.3,-20,0.731,0.682,5.3,25.6,15.6,29,1.8,2.9,7.5,22.1,147,122,7.8
"113",33,2017,1,21,"Home","SAS",27,20,"L",8,10,0.8,0,0,NA,3,4,0.75,5,6,11,5,1,0,3,2,19,20.8,-9,0.808,0.8,19.5,31,24.5,35.2,1.9,0,20.3,24.3,139,133,11.8
"114",34,2017,1,21,"Home","IND",30,12,"W",7,11,0.636,2,3,0.667,6,6,1,3,7,10,8,1,1,3,1,22,25.2,29,0.806,0.727,14,23.7,19.6,31.1,1.6,2.4,18,23,154,109,13.8
"115",35,2017,1,21,"Home","ORL",35,51,"W",13,19,0.684,1,2,0.5,3,5,0.6,3,8,11,5,3,1,2,2,30,30,18,0.708,0.711,11.2,28.9,20.2,19.4,4,2.1,8.6,28.3,138,106,11.1
"116",36,2017,1,21,"Away","LAL",33,43,"W",12,22,0.545,1,5,0.2,4,6,0.667,7,8,15,1,0,3,2,3,29,24.5,21,0.588,0.568,27.7,21.9,24.3,4.3,0,5.5,7.5,32.6,128,115,1.3
"117",37,2017,1,21,"Away","SAS",37,35,"L",14,22,0.636,2,4,0.5,5,5,1,4,8,12,4,0,2,3,2,35,30.8,-17,0.723,0.682,10.6,26.9,17.8,26.7,0,4,11,29.6,132,119,14.8
"118",38,2017,1,21,"Home","LAC",21,19,"W",8,11,0.727,2,3,0.667,1,1,1,3,7,10,3,0,0,3,3,19,16.6,20,0.83,0.818,19.3,35,28.1,24.1,0,0,20.8,30,134,102,12.5
"119",39,2017,1,21,"Away","MIN",27,11,"L",8,15,0.533,0,3,0,2,2,1,5,4,9,4,2,2,4,5,18,15.6,-7,0.567,0.533,22.1,19.1,20.6,25.3,3.7,5,20.1,32.4,109,106,3.6
"120",40,2017,1,21,"Home","UTA",35,12,"W",9,15,0.6,0,4,0,5,5,1,0,11,11,6,2,3,4,3,23,22.5,3,0.669,0.6,0,34.1,18.1,36,2.9,6.5,18.9,27.9,114,87,12
"121",41,2017,1,21,"Home","PHO",35,46,"W",12,21,0.571,0,2,0,5,6,0.833,8,6,14,8,1,2,3,2,29,30.3,21,0.613,0.571,27.5,23,25.4,38.5,1.4,4.1,11.3,31.5,141,124,10.9
"122",42,2017,2,21,"Home","MIL",32,19,"W",8,15,0.533,2,4,0.5,2,2,1,6,6,12,11,1,0,2,0,20,25.4,8,0.63,0.6,17.8,24.8,20.7,58.1,1.4,0,11.2,21.7,142,115,15.9
"123",43,2017,2,21,"Away","SAS",15,24,"L",5,9,0.556,1,2,0.5,0,0,NA,1,0,1,2,0,0,5,3,11,2.6,-14,0.611,0.611,6.6,0,3.9,24.5,0,0,35.7,37.2,82,130,-8.2
"124",44,2017,2,21,"Home","DAL",24,24,"W",5,9,0.556,0,1,0,3,3,1,1,3,4,9,1,0,2,5,13,13.6,18,0.63,0.556,5.5,14.1,10.1,55,2.1,0,16.2,22.9,135,96,10.9
"125",45,2017,2,21,"Away","ATL",34,16,"L",8,17,0.471,2,3,0.667,0,0,NA,9,6,15,3,0,0,0,4,18,17.9,-12,0.529,0.529,22.1,21,21.7,14.6,0,0,0,20,138,126,2.7
"126",46,2017,2,21,"Away","NYK",36,41,"W",17,23,0.739,2,3,0.667,4,5,0.8,4,5,9,5,2,0,2,2,40,37.3,19,0.794,0.783,13.4,17.2,15.3,20.6,2.8,0,7.4,31.1,161,128,15.4
"127",47,2017,2,21,"Away","CLE",37,39,"L",9,18,0.5,1,2,0.5,8,10,0.8,6,7,13,4,0,2,5,2,27,21.9,-10,0.603,0.528,14.2,24.8,18.4,18.5,0,4.7,18.2,29.4,114,127,4
"128",48,2017,2,21,"Home","GSW",36,0,"W",7,13,0.538,0,0,NA,3,4,0.75,6,15,21,12,2,0,6,3,17,22.2,33,0.576,0.538,21.6,47.6,35.4,41.4,2.6,0,28.9,23.7,127,104,7.7
"129",49,2017,2,21,"Home","MIN",33,57,"L",6,19,0.316,2,5,0.4,1,2,0.5,4,10,14,4,1,3,2,5,15,11.4,1,0.377,0.368,11.3,32.1,21.1,19.2,1.5,6.2,9.1,26.7,89,107,1
"130",50,2017,2,22,"Away","SAC",25,33,"L",2,7,0.286,0,2,0,0,0,NA,2,9,11,2,0,0,1,3,4,3.2,5,0.286,0.286,8,40.3,23.2,10.7,0,0,12.5,13.6,77,117,-10.8
"131",51,2017,2,22,"Home","BRK",14,47,"W",1,1,1,0,0,NA,0,0,NA,3,2,5,7,1,1,4,4,2,5.4,6,1,1,21.2,13.8,17.5,49.7,3,6.1,80,13.5,107,94,5
"132",52,2017,2,22,"Home","MEM",33,20,"L",5,11,0.455,0,2,0,0,0,NA,2,9,11,6,1,1,2,3,10,11.1,4,0.455,0.455,6.3,30.9,18,29,1.6,3.1,15.4,18.1,101,109,1
"133",53,2017,2,22,"Away","CHI",32,44,"W",6,10,0.6,3,3,1,4,4,1,2,14,16,10,0,1,3,1,19,24.3,19,0.808,0.75,9.8,41.1,29.3,40.5,0,2.1,20.3,20.3,151,102,17.2
"134",54,2017,3,22,"Away","MIL",29,41,"W",6,10,0.6,0,0,NA,1,2,0.5,4,10,14,10,1,0,3,1,13,18.4,17,0.597,0.6,17,39.4,28.7,51.7,1.8,0,21.6,21,130,103,14.1
"135",55,2017,3,22,"Home","CHO",32,55,"L",13,15,0.867,0,0,NA,5,8,0.625,3,11,14,4,1,0,4,1,31,29.3,-1,0.837,0.867,10.7,34.1,23.2,34.2,1.6,0,17.8,31.6,138,118,17.6
"136",56,2017,3,22,"Home","BOS",26,51,"W",8,10,0.8,1,2,0.5,4,6,0.667,3,7,10,7,4,1,7,4,21,21.6,8,0.831,0.85,14.9,26.1,21.3,40.8,7.2,3.7,35.6,31.2,119,84,17
"137",57,2017,3,22,"Away","SAC",30,12,"W",7,12,0.583,1,3,0.333,5,5,1,3,11,14,2,2,0,2,1,20,20.8,14,0.704,0.625,11.9,38.9,26.2,11,3.5,0,12.3,25.3,134,93,9.6
"138",58,2017,3,22,"Home","LAL",24,1,"W",8,13,0.615,0,3,0,2,2,1,1,8,9,4,1,0,1,2,18,17.2,16,0.648,0.615,5.6,30.7,20.4,27.6,2,0,6.7,27,130,93,5.1
"139",59,2017,3,22,"Home","LAC",30,25,"W",7,12,0.583,0,1,0,3,3,1,3,11,14,10,0,0,2,2,17,21,7,0.638,0.583,11.5,42.3,26.9,45.1,0,0,13.1,22.5,144,122,9.6
"140",60,2017,3,22,"Home","HOU",21,35,"L",7,14,0.5,1,2,0.5,1,1,1,2,3,5,4,0,1,3,5,16,9.8,6,0.554,0.536,8.7,15.9,12,39.7,0,3.8,17.2,33.7,101,111,3.4
"141",61,2017,3,22,"Away","HOU",39,37,"L",7,14,0.5,0,3,0,8,8,1,1,12,13,8,0,1,5,3,22,19.4,-9,0.628,0.5,3.3,31.6,19,27.3,0,2.4,22.2,23.4,116,119,2.7
"142",62,2017,3,22,"Home","CLE",28,39,"W",8,10,0.8,0,0,NA,0,0,NA,2,8,10,7,0,0,3,2,16,17.1,5,0.8,0.8,8.2,32.7,20.4,31.2,0,0,23.1,20.2,135,121,7.6
"143",63,2017,3,22,"Away","IND",34,23,"W",12,18,0.667,1,2,0.5,5,5,1,4,12,16,5,1,0,4,2,30,28.3,9,0.743,0.694,14.3,37.2,26.6,31.4,1.4,0,16.5,29.7,134,114,11
"144",64,2017,3,22,"Home","NOP",18,27,"L",4,14,0.286,0,3,0,0,0,NA,3,10,13,2,0,0,0,3,8,5.1,-6,0.286,0.286,13.7,51,31.3,20.3,0,0,0,33.1,73,107,-3.8
"145",65,2017,3,22,"Away","POR",35,58,"L",7,14,0.5,1,6,0.167,2,2,1,3,5,8,8,0,2,3,4,17,16,-8,0.571,0.536,9.1,13.3,11.4,30.8,0,4.2,16.8,20.8,119,123,5.2
"146",66,2017,3,22,"Away","CHO",36,38,"L",11,16,0.688,2,3,0.667,2,3,0.667,3,10,13,10,0,0,2,4,26,27.3,3,0.751,0.75,9.1,26.7,18.5,42.8,0,0,10.4,23.5,151,127,14
"147",67,2017,4,22,"Away","MIA",35,11,"W",9,16,0.563,0,2,0,1,1,1,1,9,10,7,2,0,1,2,19,19.9,16,0.578,0.563,3.4,29.9,16.8,30.1,2.8,0,5.7,22.3,121,113,6.6
"148",68,2017,4,22,"Away","NOP",33,30,"W",10,18,0.556,0,2,0,1,2,0.5,4,8,12,4,0,0,1,2,21,18.2,-8,0.556,0.556,14.3,25.5,20.2,14.8,0,0,5,24.1,131,130,0.4
"149",69,2017,4,22,"Away","HOU",33,52,"L",6,17,0.353,0,5,0,0,0,NA,3,16,19,9,5,1,2,3,12,18.2,8,0.353,0.353,7.5,45.4,25.2,39.3,6.6,2.7,10.5,21.7,88,83,11
"150",70,2017,4,22,"Home","NOP",29,4,"W",9,13,0.692,2,2,1,3,4,0.75,3,9,12,5,2,0,7,1,23,20,18,0.779,0.769,14.6,30.3,23.9,29.3,3.2,0,32.2,31.8,111,99,7
"151",71,2017,4,22,"Home","OKC",31,28,"L",8,16,0.5,1,5,0.2,6,6,1,1,5,6,3,1,1,3,5,23,16,-3,0.617,0.531,3.8,13.6,9.5,16.5,1.6,2.1,13.9,32.2,111,107,2.5
"152",72,2017,4,22,"Away","DAL",19,35,"W",3,6,0.5,1,3,0.333,0,0,NA,1,7,8,4,0,0,1,2,7,7.8,-7,0.583,0.583,5.6,33.6,20.6,29.1,0,0,14.3,16.2,125,94,3.7
"153",73,2017,4,22,"Away","OKC",40,13,"W",9,14,0.643,0,0,NA,11,14,0.786,2,14,16,8,1,5,4,4,29,31.7,9,0.719,0.643,5.7,32.1,20.3,33.8,1.1,7.9,16.6,25.3,131,90,14.6
"154",1,2017,10,22,"Away","UTA",35,33,"L",3,10,0.3,1,4,0.25,0,0,NA,0,12,12,7,0,0,4,1,7,5.3,-9,0.35,0.35,0,43.8,21.9,29.6,0,0,28.6,18.5,76,111,-3.5
"155",2,2017,10,22,"Home","SAC",30,32,"W",0,3,0,0,1,0,0,0,NA,0,9,9,7,1,0,3,4,0,1.9,21,0,0,0,27.2,14.6,29.7,1.8,0,50,8.6,59,83,-5.1
"156",3,2017,10,22,"Home","WAS",35,2,"L",9,14,0.643,3,3,1,8,8,1,2,7,9,5,1,0,7,4,29,22.2,-1,0.828,0.75,7.4,21.3,15,25.7,1.4,0,28.5,29.7,120,107,9.7
"157",4,2017,10,22,"Away","CHO",30,19,"L",8,12,0.667,1,1,1,1,1,1,6,6,12,0,0,0,2,3,18,15.6,-19,0.723,0.708,16.4,22.1,18.8,0,0,0,13.9,19.1,131,116,4.1
"158",5,2017,10,22,"Away","ATL",34,16,"W",8,16,0.5,0,1,0,2,2,1,4,11,15,5,1,0,2,0,18,18.6,8,0.533,0.5,13,33.5,23.6,22.7,1.5,0,10.6,23.6,114,101,5.5
"159",6,2017,10,22,"Away","BRK",29,29,"W",9,16,0.563,1,3,0.333,2,2,1,1,13,14,4,1,1,1,3,21,20.3,7,0.622,0.594,3.8,35.9,22.3,20.1,1.6,2.5,5.6,26.5,124,94,7.4
"160",7,2017,10,22,"Away","NYK",30,10,"L",9,15,0.6,6,10,0.6,4,6,0.667,3,5,8,2,1,1,2,1,28,24.6,5,0.794,0.8,9.4,23.4,15,15.4,1.6,3.2,10.2,28,144,118,15.4
"161",8,2017,11,22,"Home","TOR",30,38,"W",4,10,0.4,0,3,0,0,0,NA,3,13,16,10,1,2,0,2,8,17.2,20,0.4,0.4,12.4,47.4,31,38.5,1.6,5.8,0,13.9,138,103,9.2
"162",9,2017,11,22,"Home","MIA",33,51,"W",8,15,0.533,2,6,0.333,1,1,1,5,9,14,2,4,1,1,4,19,21.4,-5,0.615,0.6,15.4,35.5,24.2,11.5,6,3.5,6.1,21.6,132,86,13.3
"163",10,2017,11,22,"Home","GSW",19,39,"L",2,6,0.333,0,0,NA,4,4,1,1,6,7,3,2,0,1,1,8,9.8,-16,0.515,0.333,5.7,33.3,19.7,20.9,4.7,0,11.4,18.5,113,115,3.4
"164",11,2017,11,22,"Home","BRK",31,22,"W",16,25,0.64,4,9,0.444,5,6,0.833,2,10,12,5,2,2,1,6,41,37.4,25,0.742,0.72,6.4,33.3,19.5,39.2,2.7,5.7,3.5,36.3,145,88,23.6
"165",12,2017,11,22,"Home","OKC",27,51,"W",7,16,0.438,1,5,0.2,0,0,NA,3,8,11,3,1,0,3,4,15,9.6,5,0.469,0.469,12.9,28.1,21.3,19.9,1.9,0,15.8,29.9,95,94,-2.2
"166",13,2017,11,22,"Home","ORL",37,36,"W",3,8,0.375,1,1,1,5,6,0.833,5,12,17,9,4,1,1,2,12,23.5,25,0.564,0.438,15.6,34,25.2,27.2,5.3,2.3,8.6,13.4,151,98,11
"167",14,2017,11,22,"Away","POR",34,56,"L",2,9,0.222,1,4,0.25,1,2,0.5,0,7,7,3,3,1,3,2,6,4.2,0,0.304,0.278,0,31,12.3,15.1,4.4,2.6,23.3,16,60,97,-2.5
"168",15,2017,11,22,"Home","NOP",26,31,"W",3,5,0.6,1,2,0.5,6,6,1,3,8,11,6,0,1,2,3,13,16.9,23,0.851,0.7,16,33.7,25.9,21.5,0,3.1,20.7,15.5,167,113,7.8
"169",16,2017,11,22,"Away","LAL",11,35,"L",1,5,0.2,0,0,NA,4,4,1,4,2,6,1,1,0,2,2,6,5.2,-16,0.444,0.2,33.2,19.3,26.7,13,4,0,22.8,30.4,101,117,-6.2
"170",17,2017,11,22,"Away","SAC",34,57,"W",7,12,0.583,2,6,0.333,0,0,NA,4,10,14,3,1,1,2,0,16,18,24,0.667,0.667,12.8,34.3,23.2,12.7,1.5,2.1,14.3,17.8,135,101,7
"171",18,2017,11,22,"Away","HOU",25,42,"L",7,14,0.5,1,2,0.5,2,3,0.667,2,4,6,3,2,1,2,2,17,14.2,-12,0.555,0.536,7,20.8,12.6,25.6,3.7,4.6,11.5,27.9,110,119,6.9
"172",19,2017,11,22,"Home","MEM",35,55,"W",11,17,0.647,2,5,0.4,4,6,0.667,5,8,13,8,2,0,5,4,28,26.6,17,0.713,0.706,19.1,28.1,23.8,42.3,2.9,0,20.3,29.5,132,97,14.9
"173",20,2017,11,22,"Away","UTA",26,16,"L",3,7,0.429,1,3,0.333,0,0,NA,0,6,6,6,1,1,2,1,7,8.6,-20,0.5,0.5,0,28.1,12.9,48.7,2.1,3.3,22.2,16.1,100,113,6.8
"174",21,2017,11,22,"Home","CHI",15,55,"W",3,6,0.5,0,0,NA,2,2,1,2,2,4,4,0,0,0,1,8,9.4,-6,0.581,0.5,13.4,15.5,14.4,41.7,0,0,0,19.1,150,120,7.2
"175",22,2017,12,22,"Home","NOP",22,12,"W",6,13,0.462,1,2,0.5,0,0,NA,3,8,11,4,0,0,1,2,13,11.8,-4,0.5,0.5,15.6,43.4,29.2,30.1,0,0,7.1,27.6,114,106,4.2
"176",23,2017,12,22,"Away","OKC",25,13,"L",5,9,0.556,0,2,0,3,4,0.75,2,7,9,2,2,0,1,2,13,13.4,3,0.604,0.556,9.1,31,20.2,13.9,4.2,0,8.5,21.9,123,98,7.1
"177",24,2017,12,22,"Home","MIN",36,5,"L",6,12,0.5,2,6,0.333,8,9,0.889,0,6,6,4,0,2,10,3,22,10.4,-1,0.689,0.583,0,19,10.1,19,0,4.2,38.5,33.3,87,119,-7.1
"178",25,2017,12,22,"Away","POR",37,8,"W",12,21,0.571,2,6,0.333,1,1,1,3,6,9,6,0,2,4,4,27,21,29,0.63,0.619,9.7,18,14,29.3,0,4.2,15.7,31.1,125,98,10.1
"179",26,2017,12,22,"Away","GSW",36,38,"W",9,16,0.563,0,3,0,0,0,NA,3,6,9,4,1,1,2,0,18,16.8,17,0.563,0.563,10.6,17.1,14.2,20,1.4,2.3,11.1,22.1,113,88,6.4
"180",27,2017,12,22,"Home","UTA",25,33,"W",4,10,0.4,1,3,0.333,4,4,1,2,5,7,5,1,0,1,5,13,12,11,0.553,0.45,9.4,17.1,13.8,29.8,2.2,0,7.8,24,129,91,8.2
"181",28,2017,12,22,"Away","MIN",41,20,"L",5,11,0.455,1,3,0.333,11,12,0.917,1,8,9,4,2,1,2,3,22,21.3,1,0.676,0.5,2.8,23.3,12.8,14.4,2.6,2.1,10.9,20.6,136,121,5.8
"182",29,2017,12,22,"Home","PHI",36,37,"L",5,14,0.357,1,5,0.2,8,9,0.889,5,8,13,6,1,3,2,0,19,22,14,0.529,0.393,14.9,23.3,19.1,27.7,1.3,5.7,10,22.8,119,103,9.3
"183",30,2018,1,22,"Home","PHO",36,23,"W",4,6,0.667,1,1,1,5,5,1,1,8,9,8,2,0,6,3,14,14.9,24,0.854,0.75,4.5,19.5,14.3,23.1,2.6,0,42.3,16.8,119,107,0.7
"184",31,2018,1,22,"Home","UTA",32,7,"W",3,13,0.231,1,4,0.25,1,2,0.5,2,8,10,4,1,0,2,3,8,4.1,6,0.288,0.269,6.1,29.2,16.6,17.8,1.6,0,12.6,23.1,70,94,-7.2
"185",32,2018,1,22,"Away","SAC",34,18,"L",3,10,0.3,0,4,0,2,2,1,1,6,7,10,0,0,5,3,8,5.5,-13,0.368,0.3,3.8,17.5,11.5,45.4,0,0,31.5,20.2,87,109,-3.4
"186",33,2018,1,22,"Away","GSW",36,9,"L",9,16,0.563,1,1,1,3,3,1,4,8,12,11,3,1,6,3,22,23.8,2,0.635,0.594,11.5,29.5,19.4,41.7,4.1,2.4,25.7,27.4,115,117,10.6
"187",34,2018,1,22,"Home","ATL",31,31,"L",4,21,0.19,0,8,0,1,2,0.5,6,6,12,7,2,3,2,3,9,7.3,-14,0.206,0.19,17.6,28.6,21.8,33.4,3.1,8.6,8.4,31.4,69,106,-4.2
"188",35,2018,1,22,"Home","MEM",28,8,"W",3,8,0.375,1,3,0.333,7,8,0.875,2,5,7,3,0,0,1,3,14,12,8,0.608,0.438,8.5,19.8,14.4,23.4,0,0,8,21.8,135,95,6
"189",36,2018,1,22,"Away","SAS",30,24,"L",8,13,0.615,3,6,0.5,4,4,1,3,6,9,7,2,0,2,2,23,25.1,-18,0.779,0.731,9.9,26.3,16.9,67.5,3.4,0,11.9,25.1,147,117,23.1
"190",37,2018,1,22,"Home","DAL",33,24,"W",11,23,0.478,0,2,0,7,10,0.7,9,9,18,7,2,1,5,5,29,25.7,-2,0.529,0.478,28.7,35,31.5,41.6,2.9,2.8,15.4,40.3,113,99,10.8
"191",38,2018,1,22,"Away","LAC",34,4,"L",7,18,0.389,1,8,0.125,3,4,0.75,1,7,8,2,1,2,1,4,18,11.8,-10,0.455,0.417,2.8,19.3,11.1,8.8,1.4,4.9,4.8,23.6,107,105,-0.4
"192",39,2018,1,22,"Home","PHO",34,37,"L",5,12,0.417,2,3,0.667,2,2,1,3,14,17,5,0,0,6,4,14,9.8,-1,0.543,0.5,10.4,49.8,29.8,24.7,0,0,31.8,25.4,90,116,-6.1
"193",40,2018,1,22,"Home","POR",32,40,"W",5,17,0.294,2,5,0.4,4,7,0.571,4,8,12,5,1,1,3,4,16,10.7,9,0.398,0.353,12.5,25.6,19,27.6,1.6,2.4,13,30.1,92,104,-0.6
"194",41,2018,1,22,"Home","NYK",35,16,"W",5,9,0.556,1,2,0.5,7,9,0.778,1,6,7,10,0,0,1,4,18,19.8,12,0.694,0.611,4.3,24.7,14.7,33,0,0,7.2,18.3,153,121,6.5
"195",42,2018,1,22,"Home","DAL",39,49,"W",5,13,0.385,1,6,0.167,0,1,0,1,15,16,11,0,2,3,3,11,13.6,9,0.409,0.423,2.7,34.8,20.1,47.4,0,4.5,18.2,19.5,97,94,4.8
"196",43,2018,1,22,"Home","BOS",35,16,"L",8,17,0.471,2,5,0.4,6,7,0.857,4,7,11,5,0,0,2,2,24,20.5,10,0.598,0.529,12.1,22.7,17.2,21.9,0,0,9.1,26.8,129,122,7
"197",44,2018,1,22,"Away","SAS",34,15,"L",6,11,0.545,1,2,0.5,0,0,NA,2,5,7,8,0,0,5,3,13,10,-8,0.591,0.591,7,17.1,12.1,35.5,0,0,31.3,21.3,102,119,-2.2
"198",45,2018,2,22,"Home","OKC",37,21,"W",11,18,0.611,2,5,0.4,5,6,0.833,3,10,13,14,1,2,2,3,29,34.5,5,0.703,0.667,9.6,29.9,20.1,50.2,1.3,3.7,8.8,25.2,152,117,19.2
"199",46,2018,2,22,"Home","GSW",33,16,"W",7,16,0.438,2,3,0.667,3,3,1,3,6,9,5,2,0,4,2,19,15.2,0,0.548,0.5,9.2,20.1,14.4,25,3,0,18.8,25.9,107,106,4.6
"200",47,2018,2,22,"Home","CHO",32,28,"W",5,11,0.455,2,4,0.5,3,3,1,3,13,16,7,2,0,3,3,15,18,15,0.609,0.545,12.3,46.9,30.7,26.8,3.2,0,19.6,23.2,126,108,4.5
"201",48,2018,2,22,"Away","HOU",21,33,"L",6,8,0.75,1,1,1,1,2,0.5,1,6,7,5,2,1,1,4,14,16.5,-24,0.788,0.813,5.1,31.1,17.9,38.9,4.5,4.9,10.1,20.5,146,117,17.1
"202",49,2018,2,22,"Away","PHO",27,7,"W",5,12,0.417,1,2,0.5,10,11,0.909,1,8,9,8,1,1,2,3,21,21.4,5,0.624,0.458,5.2,36.3,21.8,39.2,1.7,2.7,10.6,30.1,135,108,11.5
"203",50,2018,2,22,"Home","SAS",32,57,"W",8,15,0.533,2,5,0.4,5,6,0.833,5,8,13,11,0,1,1,0,23,28.6,11,0.652,0.6,16.9,34.3,24.6,46.7,0,2.4,5.4,24.3,151,112,19.2
"204",51,2018,2,22,"Away","MIL",33,47,"W",11,14,0.786,3,3,1,5,5,1,4,11,15,17,1,2,8,5,30,35,11,0.926,0.893,15.4,42.2,28.8,77,1.4,4.3,33.1,30.8,150,113,21.1
"205",52,2018,2,23,"Home","SAS",34,17,"W",10,16,0.625,3,5,0.6,5,7,0.714,4,7,11,11,0,0,3,6,28,27.2,9,0.734,0.719,12.4,21.8,17.1,45.3,0,0,13.6,26.6,148,125,15.7
"206",53,2018,2,23,"Home","HOU",31,2,"L",7,18,0.389,0,1,0,7,9,0.778,7,7,14,8,1,1,3,4,21,20.1,-9,0.478,0.389,25.2,30.9,27.8,37.3,1.6,3.7,12,33.7,114,121,4.4
"207",54,2018,2,23,"Home","LAC",27,54,"L",4,5,0.8,2,3,0.667,8,8,1,0,6,6,4,1,1,5,4,18,15.8,6,1.056,1,0,24,12.3,19.1,1.6,2.7,37,19.4,132,113,6.5
"208",55,2018,3,23,"Away","MEM",33,10,"W",2,5,0.4,0,1,0,5,7,0.714,1,8,9,5,1,0,5,5,9,6.1,6,0.557,0.4,5,24.1,16.9,19.5,1.5,0,38.2,17.8,90,104,-6.8
"209",56,2018,3,23,"Away","CLE",32,13,"W",3,8,0.375,1,2,0.5,2,3,0.667,1,6,7,8,0,1,2,2,9,10.2,12,0.483,0.438,4.3,21.8,13.7,28,0,2.3,17.7,16.6,117,125,-1.3
"210",57,2018,3,23,"Away","DAL",25,45,"L",2,9,0.222,0,4,0,0,1,0,1,8,9,5,2,1,1,0,4,6.4,-8,0.212,0.222,3.5,31.7,16.8,27.2,3.6,3,9.6,16.6,68,104,-1.7
"211",58,2018,3,23,"Home","CLE",33,30,"L",12,14,0.857,2,3,0.667,10,11,0.909,4,9,13,6,0,0,5,2,36,34.5,1,0.955,0.929,13.6,29.3,21.7,34.7,0,0,21,29.7,156,118,21.5
"212",59,2018,3,23,"Home","LAL",32,48,"W",8,14,0.571,1,3,0.333,4,4,1,3,3,6,6,2,0,3,2,21,19.8,13,0.666,0.607,11.3,10.7,11,29,3,0,16,25.4,129,118,4
"213",60,2018,3,23,"Home","SAC",29,33,"W",8,10,0.8,4,4,1,0,0,NA,0,11,11,10,2,1,2,1,20,26.8,33,1,1,0,35.7,20.1,43.9,3.4,2.7,16.7,18.5,167,97,25.3
"214",61,2018,3,23,"Away","LAL",26,39,"L",5,8,0.625,2,5,0.4,3,3,1,1,8,9,5,1,0,4,3,15,13.8,5,0.805,0.75,4,28.3,16.9,31.1,1.7,0,30,21.2,118,105,5.6
"215",62,2018,3,23,"Home","DET",37,55,"W",8,15,0.533,2,5,0.4,5,6,0.833,2,10,12,10,3,3,2,5,23,27.8,15,0.652,0.6,6,28.8,17.7,38.5,3.8,5.8,10.2,22.1,140,102,15.1
"216",63,2018,3,23,"Away","MEM",35,14,"L",5,15,0.333,1,4,0.25,6,8,0.75,5,8,13,2,3,2,1,3,17,17.2,-1,0.459,0.367,13.4,24.2,18.4,10.8,4.8,5.6,5.1,24.9,113,105,5.7
"217",64,2018,3,23,"Away","MIA",47,29,"L",12,22,0.545,4,5,0.8,6,6,1,5,10,15,3,1,0,5,5,34,26,1,0.69,0.636,12.2,29.1,19.9,11.7,1.1,0,16.9,28,125,131,1.8
"218",65,2018,3,23,"Away","CHI",23,51,"W",9,11,0.818,2,2,1,1,1,1,2,5,7,5,0,0,1,1,21,21.9,18,0.918,0.909,12.2,21.9,17.8,30.6,0,0,8,23.4,178,108,13.4
"219",66,2018,3,23,"Away","WAS",37,17,"W",10,21,0.476,3,6,0.5,2,2,1,0,8,8,5,0,1,2,2,25,18.1,12,0.571,0.548,0,26.4,12.3,26.7,0,2.5,8.4,29.9,109,108,2.7
"220",67,2018,3,23,"Away","PHI",30,43,"L",4,14,0.286,1,2,0.5,5,6,0.833,3,4,7,4,1,1,2,4,14,9.6,-6,0.421,0.321,9.8,14.9,12.2,21,1.5,2.5,10.7,25.6,95,120,-4.4
"221",68,2018,3,23,"Away","TOR",40,9,"L",11,21,0.524,3,7,0.429,4,4,1,6,10,16,8,2,1,3,2,29,30.4,4,0.637,0.595,18.9,30.7,24.8,33.2,2.6,2.1,11.6,29,134,117,13.7
"222",69,2018,3,23,"Away","OKC",41,7,"W",11,22,0.5,1,6,0.167,0,0,NA,1,15,16,6,1,2,4,3,23,18.6,11,0.523,0.523,2.9,30.2,19.1,22.2,1.2,4,15.4,28.3,101,107,2.1
"223",70,2018,4,23,"Home","MIL",43,53,"W",14,24,0.583,2,5,0.4,5,5,1,1,12,13,5,0,3,4,4,35,28.1,5,0.668,0.625,2.4,28.4,15.4,26.2,0,5.4,13.2,28.7,124,112,8.3
"224",71,2018,4,23,"Home","IND",38,4,"W",11,17,0.647,4,6,0.667,4,6,0.667,1,5,6,7,4,1,4,3,30,28.3,9,0.764,0.765,3,15,9,32.5,5.2,1.9,16.9,26.2,130,101,16.4
"225",72,2018,4,23,"Home","MIN",35,37,"W",6,20,0.3,1,6,0.167,3,3,1,3,11,14,9,1,1,2,5,16,13.8,1,0.375,0.325,8.4,32.2,20.1,45.1,1.5,2,8.6,28.9,98,98,4.3
"226",73,2018,4,23,"Away","LAC",34,19,"W",9,14,0.643,1,2,0.5,4,5,0.8,2,9,11,11,2,1,2,2,23,28.1,11,0.71,0.679,9.3,30.7,21.7,38.1,3,2,11,24.9,150,113,15.6
"227",74,2018,4,23,"Home","POR",38,4,"W",5,14,0.357,1,4,0.25,4,4,1,2,18,20,11,2,1,2,2,15,21.6,18,0.476,0.393,5.1,37.8,23.1,56.2,2.6,2.1,11.3,21,109,68,15.1
"228",75,2018,4,23,"Away","MIN",46,25,"L",14,25,0.56,4,7,0.571,3,4,0.75,2,8,10,3,1,0,3,4,35,25,7,0.654,0.64,5.4,20.3,13.1,13.7,1.2,0,10.1,30.9,124,115,8.6
"229",1,2018,10,23,"Away","LAC",33,32,"W",6,13,0.462,1,4,0.25,8,10,0.8,2,6,8,5,1,2,2,4,21,19,8,0.603,0.5,5.5,16.8,11.1,29.3,1.4,4.8,10.3,24,124,97,9.7
"230",2,2018,10,23,"Home","PHO",30,43,"W",11,11,1,3,3,1,10,11,0.909,0,11,11,11,4,1,0,3,35,45.8,29,1.105,1.136,0,31.3,18.3,66.6,6.1,4.1,0,21.4,226,75,44.4
"231",3,2018,10,23,"Home","GSW",32,23,"W",7,14,0.5,0,1,0,9,12,0.75,3,8,11,6,0,0,2,2,23,20.7,-4,0.596,0.5,9.5,29.6,18.7,36.1,0,0,9.4,28,126,104,10.8
"232",4,2018,10,23,"Home","SAC",23,17,"W",6,11,0.545,1,2,0.5,1,1,1,2,10,12,6,1,0,3,4,14,13.7,18,0.612,0.591,9.2,47.9,28.1,32,2.1,0,20.8,25.3,118,106,5.1
"233",5,2018,10,23,"Away","LAL",32,50,"L",9,17,0.529,1,5,0.2,5,5,1,3,8,11,3,1,1,6,5,24,16,-5,0.625,0.559,10.2,27.2,18.7,13.4,1.4,2.3,23.8,30.8,104,112,0.8
"234",6,2018,10,23,"Home","NOP",28,57,"W",3,8,0.375,2,4,0.5,4,4,1,1,8,9,10,0,2,0,4,12,17.5,5,0.615,0.5,3.6,34,17.6,44.8,0,5.7,0,13.9,155,106,11.4
"235",7,2018,10,23,"Away","CHI",32,47,"W",9,20,0.45,3,6,0.5,1,1,1,5,7,12,9,2,3,6,2,22,20.8,4,0.538,0.525,16.2,23.1,19.6,47.8,3.2,8.4,22.7,34.8,105,95,15.3
"236",8,2018,11,23,"Away","CLE",22,21,"W",2,5,0.4,0,1,0,0,0,NA,1,5,6,3,1,1,2,2,4,4.5,9,0.4,0.4,6,25,16.3,17.6,2.5,3.3,28.6,14.2,88,98,-3.8
"237",9,2018,11,23,"Home","UTA",28,54,"W",3,9,0.333,0,3,0,1,2,0.5,3,7,10,16,1,0,4,2,7,13.1,8,0.354,0.333,13.1,23.3,18.9,73.8,1.7,0,28.8,21.3,104,91,12.8
"238",10,2018,11,23,"Home","BOS",27,27,"W",2,3,0.667,0,0,NA,4,6,0.667,2,8,10,8,0,0,3,4,8,10.7,-4,0.709,0.667,7.3,35.9,20.1,37.3,0,0,34.7,13.1,126,112,3.7
"239",11,2018,11,23,"Away","MEM",25,36,"L",0,1,0,0,1,0,4,4,1,1,6,7,4,3,0,6,5,4,3.6,0,0.725,0,4.6,31.3,17,23.4,6.4,0,68.5,15.4,66,88,-4.8
"240",12,2018,11,23,"Home","BRK",33,12,"L",14,22,0.636,1,1,1,8,10,0.8,7,14,21,3,1,2,6,5,37,32,5,0.701,0.659,22.5,39.7,31.6,22,1.5,5.3,18.5,41.1,124,101,17.2
"241",13,2018,11,23,"Home","MIL",29,25,"L",7,14,0.5,4,8,0.5,2,2,1,1,5,6,6,1,1,3,1,20,17.7,-17,0.672,0.643,3.5,24,12.2,33.1,1.7,3.3,16.8,27.1,123,125,9.9
"242",14,2018,11,23,"Home","HOU",32,59,"L",6,14,0.429,0,1,0,2,3,0.667,4,8,12,7,2,0,3,3,14,14.1,-14,0.457,0.429,17.6,38.8,27.7,34.8,3.3,0,16.4,26.9,105,118,1.4
"243",15,2018,11,23,"Home","ATL",25,22,"W",5,11,0.455,1,2,0.5,1,2,0.5,1,8,9,7,4,1,2,3,12,15.4,37,0.505,0.5,4.9,25.2,17.2,30.4,7.1,3.8,14.4,21.9,114,71,10.2
"244",16,2018,11,23,"Away","NOP",34,5,"L",10,20,0.5,2,8,0.25,3,4,0.75,3,7,10,8,1,0,1,2,25,23.6,-11,0.574,0.55,9.2,22.9,15.8,35.3,1.4,0,4.4,28.2,130,123,9.8
"245",17,2018,11,23,"Away","MIL",32,34,"L",8,18,0.444,3,8,0.375,1,1,1,3,2,5,5,1,0,3,1,20,14.4,-16,0.542,0.528,8.7,6.9,7.8,26.1,1.5,0,14,27.5,105,110,7.4
"246",18,2018,11,23,"Away","MIN",36,42,"W",3,13,0.231,1,5,0.2,0,0,NA,2,10,12,10,1,0,3,4,7,6.9,4,0.269,0.269,6.4,33.5,19.6,34.3,1.4,0,18.8,20,84,106,-4.6
"247",19,2018,11,23,"Home","ORL",22,52,"W",2,7,0.286,0,3,0,2,2,1,3,7,10,11,2,0,0,4,6,14.2,7,0.381,0.286,14,34.2,23.9,58,4.4,0,0,14.8,139,86,16
"248",20,2018,11,23,"Away","OKC",27,11,"W",6,20,0.3,0,7,0,4,5,0.8,2,4,6,5,0,1,4,4,16,5.2,15,0.36,0.3,7.1,12.2,9.8,31.1,0,2.8,15.3,38.7,79,102,-6.3
"249",21,2018,11,23,"Home","LAL",22,36,"W",5,14,0.357,2,4,0.5,2,2,1,0,7,7,7,1,1,3,1,14,11.5,14,0.47,0.429,0,28.6,15,40.9,2.2,4.1,16.8,33.1,101,82,10.1
"250",22,2018,11,23,"Away","POR",32,3,"W",7,12,0.583,0,2,0,1,1,1,3,3,6,7,1,1,1,3,15,16.8,2,0.603,0.583,10,11.2,10.6,35.5,1.6,2.4,7.4,18.4,139,120,6.9
"251",23,2018,12,23,"Away","TOR",35,30,"W",8,13,0.615,0,1,0,7,8,0.875,4,7,11,15,2,0,2,1,23,31.7,14,0.696,0.615,11,23.1,16.5,69.5,2.7,0,10.8,20.9,154,100,23.5
"252",24,2018,12,23,"Away","ORL",34,38,"W",5,13,0.385,1,3,0.333,1,2,0.5,0,8,8,13,1,0,1,3,12,14.8,10,0.432,0.423,0,27.2,14.8,53.3,1.5,0,6.7,21,114,115,6.1
"253",25,2018,12,23,"Away","CHO",33,22,"L",6,18,0.333,0,6,0,4,5,0.8,4,7,11,6,1,2,4,5,16,10.9,8,0.396,0.333,10.5,21,15.4,28.4,1.5,5.6,16.5,28.7,90,115,-2.2
"254",26,2018,12,23,"Away","ATL",32,38,"L",9,17,0.529,0,2,0,6,7,0.857,4,7,11,7,2,0,1,1,24,25.7,-6,0.598,0.529,11.1,22.4,16.3,45.2,2.8,0,4.7,25.6,129,98,14.1
"255",27,2018,12,23,"Home","MEM",38,24,"W",9,14,0.643,1,2,0.5,8,9,0.889,3,9,12,6,2,0,3,3,27,27.2,6,0.752,0.679,9.6,32.1,20.3,27,2.8,0,14.3,26.2,144,112,11.8
"256",28,2018,12,23,"Home","OKC",35,45,"W",8,16,0.5,2,4,0.5,6,6,1,3,12,15,9,3,0,6,3,24,23.8,10,0.644,0.563,11.2,29.3,22.1,38.7,4.3,0,24.4,30.2,118,90,11.7
"257",29,2018,12,23,"Home","TOR",34,34,"W",11,19,0.579,0,1,0,4,5,0.8,4,6,10,4,2,0,3,0,26,23.1,1,0.613,0.579,11.6,17.7,14.6,26.8,3.1,0,12.4,33.6,118,94,12.1
"258",30,2018,12,23,"Home","DAL",34,57,"W",13,25,0.52,2,6,0.333,4,4,1,6,10,16,4,3,1,5,4,32,26.8,15,0.598,0.56,21.1,33.5,27.5,17.1,4.2,2.8,15.7,38.6,116,109,6
"259",31,2018,12,23,"Away","LAC",20,37,"L",7,15,0.467,2,2,1,3,3,1,2,4,6,3,0,1,4,2,19,11.9,-16,0.582,0.533,8.3,25.2,15,28.3,0,3.2,19.7,40.4,101,132,2.6
"260",32,2018,12,23,"Away","SAS",30,59,"L",1,5,0.2,1,1,1,1,2,0.5,2,2,4,10,2,0,5,1,4,6.1,-9,0.34,0.3,5.7,7.2,6.4,46.3,3.1,0,46,15,84,112,-2.8
"261",33,2018,12,23,"Home","SAS",36,56,"W",10,14,0.714,1,4,0.25,0,0,NA,0,9,9,9,0,0,6,6,21,15.8,3,0.75,0.75,0,24.4,13,45,0,0,30,23.1,112,105,5
"262",34,2018,12,23,"Away","PHO",37,40,"W",8,11,0.727,0,2,0,7,8,0.875,1,7,8,9,3,1,4,3,23,25.7,12,0.792,0.727,3.6,21.2,13.2,36.1,3.9,2.1,21.6,21.8,144,115,9.2
"263",35,2019,1,23,"Home","NYK",34,29,"W",8,16,0.5,1,2,0.5,2,3,0.667,6,8,14,15,1,3,5,3,19,24.6,6,0.548,0.531,19,21.4,20.3,63.5,1.5,6.3,22.4,27.5,121,110,14.2
"264",36,2019,1,23,"Away","SAC",31,35,"W",10,18,0.556,3,8,0.375,3,4,0.75,3,10,13,6,1,1,5,1,26,22.6,12,0.658,0.639,10.9,33.8,22.7,35.3,1.6,2.6,20.2,32.4,121,111,12.5
"265",37,2019,1,23,"Home","CHO",34,16,"W",16,29,0.552,3,9,0.333,4,5,0.8,8,4,12,6,3,1,2,1,39,37,8,0.625,0.603,21.6,13.7,18.1,34.2,4.3,2.6,6,39.5,136,109,21.2
"266",38,2019,1,23,"Away","HOU",28,8,"L",11,20,0.55,1,1,1,1,1,1,5,8,13,4,2,1,8,2,24,17,-22,0.587,0.575,19.4,37.9,27.7,27,3.4,5.9,28.1,41.7,94,117,3.5
"267",39,2019,1,23,"Away","MIA",39,37,"W",11,21,0.524,1,2,0.5,6,6,1,3,8,11,10,1,0,3,3,29,27,9,0.613,0.548,8.3,22,15.1,43.8,1.3,0,11.3,29.2,130,106,14
"268",40,2019,1,23,"Home","LAC",27,48,"W",8,19,0.421,0,5,0,2,3,0.667,5,9,14,10,0,2,1,3,18,19.9,6,0.443,0.421,19.2,33.8,26.6,47.7,0,5.5,4.7,32.4,123,99,11.1
"269",41,2019,1,23,"Away","PHO",33,48,"L",8,15,0.533,1,4,0.25,6,7,0.857,1,9,10,4,0,1,2,0,23,20.2,8,0.636,0.567,3,25.1,14.3,25.1,0,2.2,10,25.3,124,106,8.9
"270",42,2019,1,23,"Home","POR",36,43,"W",15,23,0.652,4,7,0.571,6,8,0.75,1,9,10,8,0,0,3,4,40,33.5,17,0.754,0.739,3.7,30.2,17.7,41.2,0,0,10.2,38.3,141,118,17.9
"271",43,2019,1,23,"Home","GSW",23,13,"L",6,12,0.5,0,1,0,5,5,1,1,3,4,8,0,0,3,3,17,14,-21,0.599,0.5,4.4,15.9,9.6,55.9,0,0,17.4,33.2,119,149,2.5
"272",44,2019,1,23,"Home","CHI",25,28,"W",6,18,0.333,0,3,0,6,6,1,4,4,8,11,1,1,2,3,18,18,26,0.436,0.333,18,15.7,16.8,53.6,2,2.9,8.8,38.2,124,108,6
"273",45,2019,1,23,"Home","CLE",27,39,"W",8,12,0.667,3,6,0.5,0,1,0,3,8,11,12,1,0,1,3,19,25.1,21,0.764,0.792,14.9,38.6,26.9,57.7,1.9,0,7.4,22.3,171,111,24.5
"274",46,2019,1,23,"Away","UTA",37,5,"L",10,21,0.476,1,7,0.143,7,7,1,3,18,21,6,2,1,3,5,28,26.7,-11,0.581,0.5,9.7,46.6,30.2,26.7,2.7,3.1,11.1,31.6,123,103,10.4
"275",47,2019,1,23,"Home","PHI",33,44,"W",12,22,0.545,2,3,0.667,6,7,0.857,6,12,18,10,1,0,1,1,32,35.4,16,0.638,0.591,20.8,33.5,27.8,46,1.4,0,3.8,31.8,147,102,21.3
"276",48,2019,1,23,"Away","MEM",34,36,"W",10,20,0.5,1,8,0.125,3,3,1,1,4,5,3,4,0,4,3,24,16.8,5,0.563,0.525,3.3,15,8.8,18,5.9,0,15.8,33.4,101,91,7.6
"277",49,2019,1,23,"Away","NOP",37,7,"W",9,16,0.563,0,2,0,2,2,1,1,12,13,10,3,2,2,2,20,25.3,17,0.592,0.563,2.8,34.5,18.5,42.6,3.9,4.9,10.6,23,121,90,12.6
"278",50,2019,2,23,"Home","HOU",31,26,"W",12,15,0.8,1,2,0.5,6,6,1,4,9,13,9,1,0,2,4,31,34.5,14,0.879,0.833,21.1,37.1,30.1,42.1,1.7,0,10.2,30,176,131,18.1
"279",51,2019,2,23,"Away","MIN",29,16,"W",4,13,0.308,0,2,0,5,8,0.625,8,8,16,10,0,0,5,4,13,12.7,-1,0.393,0.308,27.3,32,29.5,46.3,0,0,23.2,33.6,102,116,-1.9
"280",52,2019,2,23,"Away","DET",25,44,"L",7,17,0.412,0,3,0,2,3,0.667,1,2,3,4,3,0,3,4,16,9,-16,0.437,0.412,4,9.8,6.6,26.7,5.6,0,14.1,34.7,85,122,-3.4
"281",53,2019,2,23,"Away","BRK",33,47,"L",8,13,0.615,1,3,0.333,8,10,0.8,2,12,14,10,1,1,2,3,25,28.8,5,0.718,0.654,6,41.6,22.6,36.8,1.3,2.5,10.3,22.7,149,122,12.8
"282",54,2019,2,23,"Away","PHI",35,19,"L",11,22,0.5,1,5,0.2,4,4,1,2,8,10,10,3,0,4,2,27,25,2,0.568,0.523,6.3,27.9,16.6,43.8,4,0,14.4,33.8,110,108,11.6
"283",55,2019,2,23,"Home","MIA",36,29,"W",7,16,0.438,3,3,1,6,7,0.857,0,12,12,4,0,0,7,3,23,12.4,16,0.603,0.531,0,37.6,17.2,18.3,0,0,26.8,31.3,91,91,-1.1
"284",56,2019,2,23,"Home","SAC",36,12,"W",7,17,0.412,0,2,0,6,6,1,4,14,18,11,1,0,4,1,20,22.2,2,0.509,0.412,11,37.9,24.6,40.8,1.3,0,16.9,25.5,113,107,8.2
"285",57,2019,2,24,"Away","DAL",30,25,"W",7,16,0.438,1,2,0.5,4,4,1,5,8,13,8,1,0,4,4,19,17.5,3,0.535,0.469,14.1,25.8,19.5,40.8,1.5,0,18.4,27,114,101,6.2
"286",58,2019,2,24,"Home","LAC",27,42,"W",9,16,0.563,0,2,0,4,6,0.667,3,13,16,3,3,1,6,5,22,17.4,14,0.59,0.563,12.1,44.2,29.5,18.3,4.7,2.6,24.4,34.9,97,75,3.7
"287",59,2019,2,24,"Home","OKC",34,47,"W",11,25,0.44,4,7,0.571,10,13,0.769,1,8,9,10,0,1,2,2,36,29.7,22,0.586,0.52,3.2,22.1,13.4,53.4,0,2.4,6.1,37.2,128,106,16.1
"288",60,2019,2,24,"Home","UTA",31,41,"L",5,15,0.333,0,1,0,6,7,0.857,6,7,13,7,0,0,5,5,16,11.3,2,0.442,0.333,18.2,21.6,19.9,32.7,0,0,21.7,28.8,95,114,-1.3
"289",61,2019,3,24,"Home","NOP",21,34,"L",7,11,0.636,1,2,0.5,5,6,0.833,4,5,9,7,2,2,2,4,20,23.7,6,0.733,0.682,19.8,24.2,22,66.5,4.1,7.2,12.8,28.8,145,100,23.9
"290",62,2019,3,24,"Away","SAS",38,25,"L",10,14,0.714,2,2,1,0,0,NA,4,6,10,6,0,0,3,2,22,21.2,10,0.786,0.786,11.1,18.3,14.5,26.3,0,0,17.6,19.5,138,111,8
"291",63,2019,3,24,"Away","LAL",35,24,"W",3,5,0.6,0,1,0,6,8,0.75,4,13,17,8,3,0,2,1,12,21.8,16,0.704,0.6,10,42,24,26.5,4.2,0,19,12.6,146,94,10.6
"292",64,2019,3,24,"Away","GSW",28,48,"L",5,10,0.5,1,1,1,5,8,0.625,3,3,6,4,4,1,2,2,16,17.5,-29,0.592,0.55,10,12.8,11.2,27,6.5,3.4,12.9,21.7,120,108,12.2
"293",65,2019,3,24,"Home","MIN",26,24,"W",9,14,0.643,0,0,NA,0,0,NA,4,4,8,7,0,1,4,4,18,15.8,2,0.643,0.643,24.2,17.7,20.5,36.7,0,3.1,22.2,31,124,115,-0.5
"294",66,2019,3,24,"Home","DAL",29,58,"W",4,9,0.444,0,2,0,3,4,0.75,2,12,14,8,0,1,2,1,11,14.8,-12,0.511,0.444,8.2,42.7,26.7,39.3,0,3.2,15.7,20.5,115,105,6.3
"295",67,2019,3,24,"Home","IND",34,21,"W",11,21,0.524,2,7,0.286,2,2,1,3,4,7,5,0,0,4,3,26,17.3,5,0.594,0.571,10,14.7,12.2,29.6,0,0,15.5,35.9,109,116,3.1
"296",68,2019,3,24,"Away","BOS",35,52,"W",9,14,0.643,3,7,0.429,0,0,NA,2,11,13,7,2,3,3,2,21,24.7,15,0.75,0.75,7.4,28.3,19.8,27.6,2.7,7.4,17.6,19.7,136,94,16.4
"297",69,2019,3,24,"Away","WAS",34,56,"W",6,12,0.5,2,4,0.5,1,1,1,3,3,6,11,0,0,1,1,15,18.3,-10,0.603,0.583,10.1,11.1,10.6,40,0,0,7.4,18.5,146,125,7.3
"298",70,2019,3,24,"Away","NYK",28,13,"W",8,20,0.4,1,3,0.333,4,6,0.667,4,13,17,5,0,0,1,3,21,17.4,17,0.464,0.425,12.6,41.7,27,32.2,0,0,4.2,35.8,114,95,5
"299",71,2019,3,24,"Away","IND",29,32,"L",8,16,0.5,1,3,0.333,2,2,1,3,8,11,8,1,4,1,2,19,23.1,-19,0.563,0.531,9,36.1,19.9,65,1.7,8.9,5.6,24.8,127,116,21
"300",72,2019,3,24,"Home","DET",33,18,"W",10,24,0.417,0,5,0,3,5,0.6,3,12,15,2,0,0,3,3,23,12.3,-9,0.439,0.417,8.6,27.9,19.3,12.8,0,0,10.3,38.3,87,91,0.1
"301",73,2019,3,24,"Away","HOU",24,52,"L",7,14,0.5,0,0,NA,2,2,1,3,5,8,6,0,2,2,3,16,15,-1,0.538,0.5,13.8,23,18.4,66.2,0,8.2,11.8,30.5,108,117,12.6
"302",74,2019,3,24,"Away","OKC",34,21,"W",10,16,0.625,1,3,0.333,2,2,1,2,14,16,3,1,0,2,3,23,21.3,7,0.681,0.656,9,45.5,30.2,12.3,1.5,0,10.6,26.5,130,105,5.5
"303",75,2019,3,24,"Home","WAS",30,15,"L",11,15,0.733,0,2,0,1,3,0.333,2,12,14,4,2,1,2,3,23,23.4,1,0.705,0.733,5.6,35.3,20,36.2,3.2,2.3,10.9,25.8,128,85,17.8
"304",76,2019,4,24,"Away","GSW",27,42,"L",4,10,0.4,0,3,0,2,3,0.667,2,3,5,6,4,0,6,1,10,8.3,-10,0.442,0.4,6.4,12.7,9.1,35.8,6.5,0,34.6,24.3,73,104,-1.5
"305",77,2019,4,24,"Home","SAS",28,40,"W",9,10,0.9,0,1,0,2,3,0.667,0,11,11,9,0,0,5,3,20,19.6,18,0.883,0.9,0,36.8,21.7,47.2,0,0,30.6,25.7,125,87,11.9
"306",78,2019,4,24,"Home","POR",36,45,"W",9,15,0.6,1,4,0.25,3,4,0.75,3,10,13,9,2,1,2,3,22,25.6,6,0.656,0.633,9.8,33.5,21.5,37.6,2.8,2.3,10.7,23.2,139,111,12.8
"307",79,2019,4,24,"Away","UTA",16,3,"L",1,6,0.167,0,0,NA,0,2,0,2,3,5,2,1,1,1,6,2,-0.6,-15,0.145,0.167,14.2,24.2,18.9,15.7,3,5.9,12.7,22.5,57,112,-15.1
"308",80,2019,4,24,"Home","MIN",36,35,"W",13,26,0.5,1,7,0.143,2,2,1,3,11,14,2,3,0,4,4,29,20.2,16,0.539,0.519,8.6,30.1,19.5,12,4.2,0,13,38.1,100,93,3.9
"309",1,2019,10,24,"Away","POR",23,54,"W",8,14,0.571,3,5,0.6,1,2,0.5,4,9,13,2,0,0,4,4,20,14.3,14,0.672,0.679,17.5,38.5,28.1,22.4,0,0,21.2,33.9,108,97,4.1
"310",2,2019,10,24,"Home","PHO",40,32,"W",8,18,0.444,0,2,0,7,9,0.778,3,11,14,12,1,2,5,4,23,22.4,8,0.524,0.444,7.5,30.6,18.5,61.4,1.2,4.5,18.5,28.9,104,96,9.9
"311",3,2019,10,24,"Away","SAC",28,27,"W",4,15,0.267,0,5,0,1,1,1,3,10,13,2,2,1,2,4,9,5.7,-3,0.291,0.267,9.7,33.7,21.5,11.5,3.7,3.1,11.5,25.1,74,88,-4.9
"312",4,2019,10,24,"Home","DAL",32,56,"L",4,8,0.5,0,1,0,2,2,1,2,8,10,10,3,0,4,3,10,14.6,15,0.563,0.5,6.3,25.3,15.8,39.2,4.8,0,31.1,17.6,112,109,8
"313",5,2019,10,24,"Away","NOP",27,8,"L",5,6,0.833,0,1,0,3,3,1,0,6,6,6,1,0,2,3,13,14.6,-16,0.888,0.833,0,33.2,14.7,31.1,1.7,0,21.5,15,148,118,7.5
"314",6,2019,11,24,"Away","ORL",31,27,"W",7,14,0.5,3,7,0.429,3,4,0.75,0,7,7,4,0,0,1,2,20,15.7,14,0.635,0.607,0,24.3,12.1,37.4,0,0,6,24.8,124,95,10.2
"315",7,2019,11,24,"Home","MIA",22,46,"W",4,12,0.333,1,4,0.25,0,1,0,0,5,5,5,1,1,4,4,9,2.9,11,0.362,0.375,0,20.7,11.6,28.8,2.1,3.6,24.3,30.9,69,86,-7.4
"316",8,2019,11,24,"Home","PHI",37,47,"W",10,22,0.455,2,9,0.222,4,5,0.8,2,8,10,6,2,2,1,4,26,23,18,0.537,0.5,5.6,22.6,14.1,29,2.6,4.2,4,30.6,113,96,8.7
"317",9,2019,11,24,"Away","MIN",35,55,"W",9,23,0.391,1,7,0.143,1,3,0.333,3,3,6,7,1,1,0,4,20,14.7,-2,0.411,0.413,8.5,7.6,8,40.2,1.4,2.8,0,27.9,104,94,9.2
"318",10,2019,11,24,"Home","ATL",30,44,"L",7,19,0.368,1,8,0.125,5,6,0.833,1,5,6,7,3,0,2,2,20,16.4,-2,0.462,0.395,3.1,22.3,11,31.2,4.8,0,8.5,31.6,106,120,3.4
"319",11,2019,11,24,"Home","BRK",28,2,"W",8,14,0.571,2,5,0.4,0,0,NA,2,8,10,3,0,0,0,4,18,15.7,-2,0.643,0.643,5.9,24.9,15.2,17.5,0,0,0,21.3,137,95,9
"320",12,2019,11,24,"Away","MEM",25,34,"W",4,7,0.571,1,3,0.333,0,0,NA,0,5,5,8,0,0,2,3,9,9.6,22,0.643,0.643,0,22.4,11.2,36.2,0,0,22.2,15.2,127,119,-0.4
"321",13,2019,11,24,"Home","HOU",32,26,"W",12,19,0.632,2,4,0.5,1,1,1,5,7,12,4,0,0,7,5,27,17.9,7,0.694,0.684,15.1,24.7,19.5,22.6,0,0,26.5,34.1,105,103,3.3
"322",14,2019,11,24,"Home","BOS",35,30,"W",7,17,0.412,0,4,0,4,4,1,3,13,16,10,3,1,3,2,18,21.8,10,0.48,0.412,8.8,41.9,24.6,45.8,4.2,2.5,13.8,26.6,108,86,14.2
"323",15,2019,11,24,"Home","PHO",32,20,"W",4,9,0.444,0,1,0,0,0,NA,4,9,13,5,2,0,1,2,8,12.5,8,0.444,0.444,12.4,33.4,21.9,20,3.3,0,10,13.4,125,107,2.6
"324",16,2019,11,24,"Home","WAS",24,53,"W",4,8,0.5,0,0,NA,0,0,NA,2,18,20,5,0,0,3,3,8,10.1,10,0.5,0.5,9.4,65.5,41,24.6,0,0,27.3,17.7,96,94,-0.9
"325",17,2019,11,24,"Away","SAC",36,29,"L",3,11,0.273,0,3,0,1,2,0.5,3,7,10,6,0,1,4,3,7,4,-3,0.295,0.273,9.5,19.6,14.8,27.5,0,2.3,25.2,20.6,71,101,-8.1
"326",18,2019,12,24,"Home","LAL",34,24,"L",4,12,0.333,0,2,0,5,6,0.833,1,4,5,8,3,0,5,4,13,9.7,-6,0.444,0.333,2.8,13.3,7.7,35.5,4.3,0,25.5,25,82,103,0.4
"327",19,2019,12,24,"Away","NYK",24,44,"W",3,7,0.429,0,1,0,0,0,NA,1,9,10,8,0,1,0,2,6,11.2,10,0.429,0.429,5.2,39.7,24,36,0,4,0,12.6,146,92,4.2
"328",20,2019,12,24,"Away","BOS",30,40,"L",13,21,0.619,1,5,0.2,3,3,1,4,6,10,4,1,2,1,3,30,28.1,0,0.672,0.643,13.9,28.5,20.1,33.6,1.6,6.7,4.3,32.4,140,106,23.9
"329",21,2019,12,24,"Away","BRK",33,39,"L",10,21,0.476,2,6,0.333,2,2,1,2,9,11,6,0,0,3,3,24,17.4,-10,0.548,0.524,6.3,32.1,18.5,39.4,0,0,12.1,33.1,107,109,4.2
"330",22,2019,12,24,"Away","PHI",33,10,"L",7,13,0.538,1,4,0.25,0,0,NA,0,7,7,11,0,1,2,2,15,16.4,8,0.577,0.577,0,22.5,11.6,59.2,0,2.7,13.3,21,114,105,8.1
"331",23,2019,12,24,"Home","POR",31,1,"W",7,14,0.5,2,5,0.4,4,6,0.667,4,7,11,6,0,0,1,2,20,19.5,3,0.601,0.571,14.4,27.1,20.5,29.8,0,0,5.7,25.7,144,113,9.3
"332",24,2019,12,24,"Home","OKC",34,53,"W",11,14,0.786,3,6,0.5,3,4,0.75,1,13,14,12,1,0,3,2,28,32.4,15,0.888,0.893,3.4,43.6,23.8,59.3,1.4,0,16,23.4,155,100,25.7
"333",25,2019,12,24,"Home","NYK",35,48,"W",10,22,0.455,2,5,0.4,3,4,0.75,3,7,10,5,1,1,2,1,25,20.2,4,0.526,0.5,8,20.9,14.1,21.9,1.5,2.2,7.8,31,116,111,5.4
"334",26,2019,12,24,"Home","ORL",30,31,"W",7,14,0.5,2,4,0.5,2,2,1,3,6,9,12,1,1,4,2,18,20.2,9,0.605,0.571,11.5,20.5,16.3,65.1,1.6,2.7,21.2,26.5,126,105,14.4
"335",27,2019,12,24,"Home","MIN",32,44,"W",10,16,0.625,2,4,0.5,0,0,NA,3,7,10,10,0,2,2,4,22,23.8,12,0.688,0.688,11,20.5,16.3,50,0,6.5,11.1,24.2,141,104,15.6
"336",28,2019,12,24,"Away","LAL",27,23,"W",5,8,0.625,1,1,1,7,7,1,3,3,6,5,1,1,1,3,18,20.4,12,0.812,0.688,12,11.7,11.8,24.2,1.9,3.2,8.3,18.7,173,113,12.8
"337",29,2019,12,24,"Away","PHO",30,53,"W",6,13,0.462,4,7,0.571,6,6,1,1,11,12,10,1,0,2,4,22,23.7,25,0.703,0.615,4.4,40.7,24.2,46.2,1.6,0,11.3,26,145,107,14.6
"338",30,2019,12,24,"Home","NOP",30,55,"L",8,20,0.4,2,5,0.4,5,6,0.833,4,6,10,4,2,0,5,3,23,15,-13,0.508,0.45,12.2,22.7,16.9,25.3,3.2,0,18.1,38.3,96,112,1.8
"339",31,2019,12,24,"Home","MEM",32,57,"W",12,19,0.632,2,5,0.4,5,7,0.714,2,8,10,10,1,0,1,6,31,30.1,23,0.702,0.684,6.6,26.5,16.6,52.9,1.4,0,4.3,29.3,148,108,18.6
"340",32,2019,12,24,"Home","SAC",26,30,"W",7,8,0.875,0,0,NA,3,4,0.75,4,4,8,4,1,0,4,3,17,16.4,8,0.871,0.875,20.1,20.1,20.1,24.7,1.9,0,29.1,23.4,134,122,6.6
"341",33,2019,12,24,"Away","HOU",31,59,"L",10,17,0.588,0,1,0,1,1,1,2,6,8,4,0,0,6,2,21,12.3,-5,0.602,0.588,6.8,23.7,14.6,20,0,0,25.6,30.1,97,133,-3.7
"342",34,2020,1,24,"Away","IND",24,11,"W",7,15,0.467,0,3,0,8,8,1,3,4,7,0,0,0,2,5,22,13.6,-9,0.594,0.467,14.9,19.4,17.2,0,0,0,9.7,37.4,125,129,-5.9
"343",35,2020,1,24,"Away","WAS",30,20,"L",4,10,0.4,1,3,0.333,5,7,0.714,2,8,10,4,1,0,2,0,14,13.4,0,0.535,0.45,7.2,33.3,19.3,18.8,1.6,0,13.3,20.9,111,124,1.6
"344",36,2020,1,24,"Away","ATL",36,50,"W",16,25,0.64,4,8,0.5,11,16,0.688,4,4,8,5,2,1,0,3,47,42.9,0,0.733,0.72,14.1,13.7,13.9,24.9,2.7,3.4,0,38.7,155,116,24.7
"345",37,2020,1,24,"Away","DAL",31,15,"W",12,20,0.6,4,6,0.667,5,8,0.625,2,4,6,7,1,1,3,1,33,28.4,-3,0.702,0.7,7.5,17.6,12.1,47.6,1.6,3.7,11.3,38.5,130,113,21.2
"346",38,2020,1,24,"Home","CLE",33,35,"L",8,12,0.667,2,5,0.4,1,1,1,3,9,12,5,0,0,1,2,19,20.3,-2,0.764,0.75,7.9,29.9,17.7,24.2,0,0,7.4,17.8,150,118,6.8
"347",39,2020,1,24,"Home","LAC",31,24,"W",6,14,0.429,3,4,0.75,5,6,0.833,2,13,15,6,1,0,2,5,20,18.7,5,0.601,0.536,7.5,44.2,26.7,33,1.6,0,10.7,26.8,125,101,9.2
"348",40,2020,1,24,"Home","CHO",29,2,"W",5,9,0.556,0,1,0,2,2,1,1,7,8,8,1,2,4,3,12,13.3,3,0.607,0.556,4.6,25.2,16.1,44.5,1.8,7.2,28.8,22.7,105,87,6
"349",41,2020,1,24,"Away","GSW",43,48,"W",10,20,0.5,0,3,0,3,3,1,2,10,12,8,0,2,9,4,23,13.8,18,0.539,0.5,5.1,23.7,14.8,27.7,0,4.8,29.7,27.9,92,117,-6.8
"350",42,2020,1,24,"Home","IND",31,44,"L",10,16,0.625,2,4,0.5,8,12,0.667,1,9,10,4,3,0,1,4,30,27.8,-2,0.705,0.688,3.9,31.7,18.4,23.4,4.8,0,4.5,30.3,145,111,18.8
"351",43,2020,1,24,"Away","MIN",34,16,"W",7,15,0.467,0,3,0,3,4,0.75,5,8,13,5,1,0,5,4,17,12.7,-6,0.507,0.467,15.9,22,19.2,21.1,1.5,0,23,28.2,99,106,-3.2
"352",44,2020,1,24,"Away","HOU",34,8,"L",8,19,0.421,0,1,0,3,6,0.5,4,8,12,10,1,1,6,2,19,14.8,-9,0.439,0.421,11.7,25,18.1,45.7,1.4,2.3,21.7,34.2,92,120,-0.8
"353",45,2020,1,24,"Away","NOP",35,29,"W",9,20,0.45,1,6,0.167,8,8,1,7,5,12,7,4,1,2,3,27,29.4,7,0.574,0.475,16.6,15.4,16.1,34,5.6,2.5,7.8,27.4,138,103,16
"354",46,2020,1,24,"Home","HOU",38,26,"W",9,18,0.5,0,2,0,6,7,0.857,2,10,12,11,2,0,6,4,24,21.1,0,0.569,0.5,6.2,27.2,17.4,41.9,2.5,0,22.2,29.2,110,105,4.4
"355",47,2020,1,24,"Away","MEM",38,43,"L",8,16,0.5,3,6,0.5,6,6,1,3,10,13,5,0,1,8,3,25,17.1,-9,0.671,0.594,7.7,33.5,19,28.1,0,1.9,30,29.2,102,108,1.9
"356",48,2020,1,24,"Home","UTA",34,44,"W",11,19,0.579,1,2,0.5,5,6,0.833,0,4,4,10,3,0,3,4,28,25.3,-4,0.647,0.605,0,13.8,7.1,55.7,4.4,0,12.2,33,126,102,15.4
"357",49,2020,1,24,"Away","MIL",33,16,"W",7,17,0.412,1,3,0.333,0,0,NA,0,10,10,9,1,0,3,4,15,11.6,-9,0.441,0.441,0,28.9,15,34.3,1.3,0,15,24.9,97,106,-2.9
"358",50,2020,2,24,"Away","DET",39,45,"L",16,23,0.696,1,3,0.333,6,7,0.857,0,10,10,11,3,2,2,4,39,40.4,13,0.748,0.717,0,30.3,14.8,55,4,4.2,7.1,32.6,151,116,22.3
"359",51,2020,2,24,"Home","POR",30,43,"W",11,17,0.647,3,5,0.6,4,4,1,4,9,13,9,2,3,4,1,29,33,23,0.773,0.735,16,29.9,23.6,48.8,3.2,7.8,17.6,31.2,145,89,26.1
"360",52,2020,2,24,"Away","UTA",39,46,"W",14,24,0.583,0,2,0,2,4,0.5,6,15,21,10,2,0,1,2,30,33.9,10,0.582,0.583,13.9,39.4,25.9,54.6,2.5,0,3.7,29.7,132,94,19.4
"361",53,2020,2,24,"Away","PHO",33,56,"W",9,19,0.474,0,3,0,5,5,1,4,5,9,6,1,3,6,3,23,17.7,3,0.542,0.474,14.9,16.4,15.7,26.3,1.5,7.7,22.1,36.6,104,109,0.2
"362",54,2020,2,24,"Home","SAS",37,39,"W",6,8,0.75,0,1,0,7,8,0.875,3,5,8,13,0,1,5,4,19,22.2,4,0.825,0.75,10.6,17.2,14,44.4,0,2.4,30.3,21,148,134,4.7
"363",55,2020,2,24,"Home","LAL",37,19,"L",9,18,0.5,2,3,0.667,2,2,1,1,10,11,6,3,1,3,5,22,19.6,-10,0.583,0.556,3.4,29,17.2,27.3,4.1,2.4,13.7,28.9,105,105,5.9
"364",56,2020,2,25,"Away","OKC",33,59,"L",12,15,0.8,1,2,0.5,7,7,1,1,6,7,5,1,1,2,1,32,31.6,-2,0.885,0.833,3.7,18.8,11.9,35.2,1.5,2.3,10,26.7,164,116,21.5
"365",57,2020,2,25,"Home","MIN",30,57,"W",11,14,0.786,0,1,0,2,3,0.667,1,6,7,6,2,2,3,4,24,23.7,18,0.783,0.786,4.6,22.2,14.3,25.9,3,6.2,16.4,25.7,137,105,10.5
"366",58,2020,2,25,"Home","DET",27,59,"W",5,8,0.625,1,1,1,5,5,1,2,3,5,4,4,0,5,4,16,14.9,-3,0.784,0.688,11.4,11.7,11.6,19.4,7.5,0,32.9,25.1,116,97,4.9
"367",59,2020,2,25,"Away","LAC",25,9,"L",9,13,0.692,0,2,0,3,4,0.75,2,7,9,2,1,0,3,1,21,17.6,-15,0.711,0.692,8,36.1,20.2,16,2,0,16.9,30.3,122,134,7.6
"368",60,2020,3,25,"Home","TOR",35,4,"W",8,11,0.727,0,0,NA,7,9,0.778,4,14,18,11,1,0,2,2,23,30.6,18,0.769,0.727,15.6,45.6,32,41.8,1.3,0,11.8,20.7,164,110,15.1
"369",61,2020,3,25,"Home","GSW",32,19,"L",7,15,0.467,0,1,0,2,2,1,4,9,13,7,1,2,5,2,16,15.3,-10,0.504,0.467,12.1,34.3,21.9,36.3,1.6,7.2,23.9,27.3,99,116,3.9
"370",62,2020,3,25,"Away","CHO",30,30,"W",5,10,0.5,0,2,0,4,4,1,3,8,11,8,1,1,6,5,14,12.8,2,0.595,0.5,12.4,37,24,34.8,1.8,3.6,33.8,26.9,105,119,-1.2
"371",63,2020,3,25,"Away","CLE",32,18,"L",4,11,0.364,0,3,0,0,1,0,2,6,8,8,1,0,4,3,8,6.1,0,0.35,0.364,7.4,27.9,16.5,32.1,1.6,0,25.9,21.7,85,113,-7.2
"372",64,2020,3,25,"Home","MIL",29,41,"W",4,13,0.308,1,5,0.2,1,2,0.5,0,9,9,7,1,0,2,3,10,7.5,6,0.36,0.346,0,27.5,15.2,32.8,1.6,0,12.6,23.1,84,92,-3.7
"373",65,2020,3,25,"Away","DAL",33,43,"L",7,10,0.7,0,2,0,0,0,NA,2,11,13,8,0,0,5,3,14,13.9,5,0.7,0.7,6.8,31.3,20.1,39.2,0,0,33.3,21,112,114,2
"374",66,2020,8,25,"Home","MIA",34,7,"L",7,16,0.438,1,5,0.2,4,6,0.667,0,7,7,6,1,1,3,3,19,13.6,-10,0.51,0.469,0,31.8,13,29,1.4,3.3,13.9,25.7,101,124,2.9
"375",67,2020,8,25,"Away","OKC",39,9,"W",10,21,0.476,0,5,0,10,11,0.909,2,10,12,10,2,0,4,4,30,26.7,9,0.58,0.476,6.3,30.1,18.5,47.6,2.6,0,13.4,34.8,118,104,10.7
"376",68,2020,8,25,"Away","SAS",31,52,"W",10,17,0.588,3,5,0.6,2,2,1,3,1,4,11,1,0,5,4,25,21.6,8,0.699,0.676,11.6,3.6,7.4,47.4,1.5,0,21.9,30.2,133,132,8.5
"377",69,2020,8,25,"Home","POR",23,42,"L",3,8,0.375,0,2,0,2,2,1,3,2,5,13,0,0,5,2,8,9.6,-1,0.45,0.375,16.4,8.8,12.2,69.4,0,0,36,26.2,110,139,2.1
"378",70,2020,8,25,"Home","UTA",41,40,"W",11,21,0.524,2,6,0.333,6,6,1,2,9,11,7,3,0,4,5,30,25.7,9,0.635,0.571,5.8,22.8,14.9,27.3,3.6,0,14.5,29.1,121,106,8.8
"379",71,2020,8,25,"Away","LAL",25,31,"L",4,7,0.571,2,2,1,2,2,1,0,1,1,4,1,0,1,3,12,10.6,-5,0.761,0.714,0,4.8,2.8,20.1,2.1,0,11.3,16.5,155,140,3.4
"380",72,2020,8,25,"Home","LAC",28,28,"L",7,11,0.636,1,4,0.25,2,4,0.5,1,6,7,13,0,0,1,1,17,21.5,5,0.666,0.682,3.9,25.9,14.4,70.3,0,0,7.3,21.6,150,132,17.4
"381",73,2020,8,25,"Away","TOR",10,12,"L",1,1,1,0,0,NA,0,0,NA,0,1,1,2,0,0,1,0,2,2.4,-6,1,1,0,10.5,5.1,30.1,0,0,50,8.4,116,124,-6
"382",1,2020,12,25,"Home","SAC",41,50,"L",11,18,0.611,1,2,0.5,6,9,0.667,3,12,15,14,0,2,6,3,29,29.3,5,0.66,0.639,8.3,28.2,19,53.6,0,3.6,21.5,28.7,121,110,12.3
"383",2,2020,12,25,"Home","LAC",38,29,"L",7,13,0.538,1,4,0.25,9,11,0.818,3,6,9,10,1,0,5,2,24,23,-20,0.673,0.577,9.6,24.1,16,44.1,1.3,0,21.9,26.5,126,130,9.2
"384",3,2020,12,25,"Home","HOU",34,7,"W",8,11,0.727,1,1,1,2,3,0.667,4,8,12,18,3,1,3,2,19,31.8,20,0.771,0.773,12.8,24.5,18.8,72.9,4.1,3,19.6,18.7,159,100,23.4
"385",4,2020,12,25,"Away","SAC",38,33,"L",9,14,0.643,1,3,0.333,7,7,1,1,9,10,12,2,0,10,4,26,22,1,0.761,0.679,3.9,25.5,16.4,45.6,2.5,0,36.9,31,112,122,4.1
"386",5,2021,1,25,"Home","PHO",29,31,"L",7,13,0.538,3,5,0.6,0,0,NA,3,6,9,11,1,0,1,5,17,20.3,1,0.654,0.654,13.2,25.7,19.5,64.8,1.8,0,7.1,21.9,147,112,19
"387",6,2021,1,25,"Away","MIN",31,42,"W",8,12,0.667,0,1,0,3,3,1,3,9,12,12,0,0,7,5,19,18,27,0.713,0.667,11.4,34.9,23,55.3,0,0,34.4,26.5,120,112,3.4
"388",7,2021,1,25,"Home","MIN",36,34,"W",12,20,0.6,1,1,1,10,12,0.833,5,10,15,6,3,1,4,5,35,33.4,13,0.692,0.625,15.6,31.3,23.4,31.2,3.8,2.3,13.7,34.1,134,104,13.9
"389",8,2021,1,25,"Home","DAL",41,13,"L",14,31,0.452,4,10,0.4,6,10,0.6,1,10,11,4,2,0,3,4,38,24.2,-6,0.537,0.516,2.8,28.6,15.5,20.6,2.4,0,7.8,41.4,105,113,6.7
"390",9,2021,1,25,"Away","PHI",29,2,"W",6,8,0.75,0,0,NA,3,3,1,1,8,9,12,0,0,4,2,15,18.5,24,0.805,0.75,3.8,26.5,16,56.6,0,0,30,19.4,138,105,10.7
"391",10,2021,1,25,"Away","NYK",30,4,"W",9,15,0.6,1,3,0.333,3,3,1,3,7,10,5,1,1,2,1,22,22.1,8,0.674,0.633,13.3,26,20.2,26.1,1.7,3,10.9,28.9,138,95,12.3
"392",11,2021,1,25,"Away","BRK",34,20,"L",8,17,0.471,1,4,0.25,6,6,1,1,7,8,11,7,1,1,2,23,30.7,-11,0.586,0.5,3.3,31.6,15.3,46.9,10.2,3,4.8,26.7,140,107,20.2
"393",12,2021,1,25,"Home","GSW",35,54,"W",8,16,0.5,0,4,0,7,7,1,1,13,14,10,3,0,3,4,23,25,10,0.603,0.5,2.8,38.6,20.1,44.1,3.9,0,13.6,25.7,123,95,10.8
"394",13,2021,1,25,"Home","UTA",39,50,"L",14,23,0.609,3,6,0.5,4,4,1,8,6,14,9,2,1,6,4,35,33.3,6,0.707,0.674,18.5,20.1,19.2,46.9,2.7,3.1,19.5,32.1,133,117,20.1
"395",14,2021,1,25,"Home","OKC",28,24,"W",12,21,0.571,0,4,0,3,3,1,5,7,12,6,1,1,1,2,27,26.8,12,0.605,0.571,16.9,24.1,20.5,39.4,1.6,3.9,4.3,31.5,139,95,16.4
"396",15,2021,1,25,"Away","PHO",39,42,"W",15,27,0.556,1,3,0.333,0,1,0,6,4,10,8,3,0,3,4,31,27.1,-13,0.565,0.574,17.4,12.7,15.2,32.4,3.8,0,9.9,33.8,117,116,8.6
"397",16,2021,1,25,"Away","PHO",42,0,"W",9,21,0.429,0,0,NA,11,14,0.786,7,15,22,6,1,0,6,3,29,24.1,8,0.534,0.429,17.6,34.5,26.4,30.1,1.2,0,18.1,36,107,97,6.9
"398",17,2021,1,25,"Away","DAL",33,55,"W",8,13,0.615,0,2,0,4,4,1,3,7,10,4,2,1,6,2,20,17,-10,0.678,0.615,10.6,23,17.1,19.7,3,2.7,28.9,27.4,110,115,0.8
"399",18,2021,1,25,"Away","MIA",34,6,"W",9,14,0.643,1,5,0.2,2,2,1,2,9,11,3,0,1,1,2,21,19.9,16,0.706,0.679,6.4,29.5,17.8,14.4,0,4,6.3,20.4,141,91,6.5
"400",19,2021,1,25,"Away","SAS",38,43,"L",14,24,0.583,5,11,0.455,2,4,0.5,1,9,10,5,1,1,4,3,35,26.4,-9,0.679,0.688,3.2,28.6,15.9,26.2,1.3,2.1,13.4,36.2,119,124,7.3
"401",20,2021,1,25,"Home","UTA",37,20,"W",17,26,0.654,4,4,1,9,10,0.9,3,9,12,5,2,1,3,2,47,42.4,14,0.773,0.731,11,27.6,20,25.6,2.7,4.6,9,41.5,148,117,20.9
"402",21,2021,2,25,"Away","LAL",34,56,"L",6,16,0.375,0,0,NA,1,2,0.5,3,6,9,6,1,0,3,4,13,8.3,-8,0.385,0.375,8.6,24.2,15.1,29.7,1.4,0,15.1,24,89,120,-1.8
"403",22,2021,2,25,"Away","SAC",41,24,"L",20,33,0.606,3,6,0.5,7,7,1,1,7,8,12,1,3,1,2,50,47.4,2,0.693,0.652,2.4,18.4,10.1,63.8,1.2,6.2,2.7,38.3,149,120,27.2
"404",23,2021,2,25,"Home","MIL",39,6,"L",13,26,0.5,3,6,0.5,6,6,1,3,9,12,6,0,0,0,3,35,29.8,-2,0.611,0.558,7.8,26.9,16.7,29.4,0,0,0,32,136,129,11.6
"405",24,2021,2,25,"Home","CLE",29,50,"W",5,7,0.714,0,0,NA,2,2,1,1,5,6,12,2,0,2,3,12,18.5,32,0.761,0.714,4.6,15.2,11,44.9,3.2,0,20.2,15.1,158,95,11.6
"406",25,2021,2,25,"Home","OKC",36,37,"W",9,16,0.563,2,7,0.286,2,2,1,3,10,13,9,1,1,2,4,22,23.9,5,0.652,0.625,8.7,28.5,18.7,41.8,1.4,2.3,10.6,23.7,132,95,13.9
"407",26,2021,2,25,"Home","LAL",34,46,"W",8,17,0.471,1,5,0.2,6,6,1,4,12,16,10,0,1,3,2,23,24.6,16,0.586,0.5,11.8,36,23.8,49.4,0,2.3,13.3,28.7,130,104,10.6
"408",27,2021,2,25,"Away","BOS",37,33,"L",16,23,0.696,3,5,0.6,8,8,1,3,3,6,5,2,1,3,3,43,38.3,2,0.811,0.761,8.7,10.4,9.5,36.4,2.7,3.3,10.2,35.1,149,117,22.3
"409",28,2021,2,25,"Away","WAS",36,53,"L",12,21,0.571,3,5,0.6,6,6,1,1,6,7,9,2,0,3,4,33,29.3,5,0.698,0.643,2.8,19,10.5,36.2,2.6,0,11.3,31.3,140,126,10.7
"410",29,2021,2,26,"Away","CLE",32,48,"W",5,8,0.625,1,2,0.5,5,5,1,2,10,12,10,4,1,3,2,16,24.7,13,0.784,0.688,10.8,33.3,24.7,37.8,6.2,2.8,22.7,18.8,152,92,18.2
"411",30,2021,2,26,"Away","ATL",36,42,"L",5,15,0.333,2,5,0.4,3,4,0.75,2,8,10,6,3,0,4,5,15,11.1,-7,0.447,0.4,7.1,26.2,17,21.5,4,0,19.3,26.1,91,120,-3.7
"412",31,2021,2,26,"Home","POR",37,44,"W",17,32,0.531,3,6,0.5,4,4,1,3,2,5,5,1,0,0,1,41,32.2,0,0.607,0.578,7.6,6.9,7.3,34.6,1.4,0,0,41.7,130,121,15.4
"413",32,2021,2,26,"Home","WAS",37,42,"L",9,18,0.5,3,4,0.75,3,3,1,2,9,11,7,1,2,1,3,24,24.2,-2,0.621,0.583,5.8,27.3,16.3,34.9,1.3,4.2,4.9,22.8,139,111,12.8
"414",33,2021,2,26,"Away","OKC",30,7,"W",8,10,0.8,1,2,0.5,2,2,1,1,10,11,13,2,0,0,3,19,28.8,34,0.873,0.85,4.4,31.9,20.4,57.2,3.2,0,0,16.1,195,89,25.5
"415",34,2021,3,26,"Away","CHI",38,25,"W",17,28,0.607,0,3,0,5,5,1,2,12,14,9,1,2,1,4,39,37.3,12,0.646,0.607,6.4,27.3,18.6,45.4,1.3,4.5,3.2,36.2,142,107,17.3
"416",35,2021,3,26,"Away","MIL",36,24,"W",15,23,0.652,2,3,0.667,5,5,1,4,6,10,11,2,0,2,1,37,38.8,18,0.734,0.696,13.9,16.8,15.5,43.7,2.8,0,7.4,32.5,154,101,24.4
"417",36,2021,3,26,"Away","IND",37,0,"W",9,18,0.5,1,2,0.5,1,2,0.5,2,10,12,8,0,0,7,2,20,12.8,-3,0.53,0.528,8.9,28.2,20.8,31.1,0,0,27,32.6,96,108,-4.6
"418",37,2021,3,26,"Away","MEM",36,16,"W",13,22,0.591,1,2,0.5,1,2,0.5,2,13,15,7,2,0,1,1,28,28.2,-3,0.612,0.614,5.8,39.1,22.1,38.9,2.8,0,4.2,29.9,128,101,14.3
"419",38,2021,3,26,"Home","DAL",36,2,"L",10,20,0.5,1,5,0.2,5,6,0.833,2,7,9,11,0,0,4,0,26,22.8,-12,0.574,0.525,5.4,22.7,13.3,61.9,0,0,15,32.9,118,130,11
"420",39,2021,3,26,"Home","IND",34,14,"W",11,25,0.44,2,4,0.5,8,10,0.8,6,8,14,5,4,1,1,2,32,31.1,-9,0.544,0.48,18.3,23.9,21.1,23.7,5.9,2.9,3.3,36.9,132,99,15.6
"421",40,2021,3,26,"Home","CHO",28,37,"W",6,7,0.857,0,0,NA,0,0,NA,2,8,10,10,0,0,3,2,12,16.5,27,0.857,0.857,9.9,28.6,20.7,40,0,0,30,15.1,148,107,7.8
"422",41,2021,3,26,"Home","CHI",42,8,"W",14,23,0.609,2,4,0.5,4,6,0.667,5,10,15,9,2,1,1,4,34,35.6,5,0.663,0.652,15,29.3,22.2,37.3,2.4,2.3,3.8,28.9,147,116,14.8
"423",42,2021,3,26,"Home","NOP",34,37,"L",13,19,0.684,3,4,0.75,0,0,NA,3,7,10,10,1,1,5,3,29,27.6,3,0.763,0.763,10.1,23.7,16.9,53.4,1.4,2.4,20.8,31,130,115,16.7
"424",43,2021,3,26,"Away","ORL",36,15,"W",11,17,0.647,2,4,0.5,4,4,1,4,11,15,10,2,1,3,2,28,32.5,11,0.746,0.706,12.9,30.3,22.3,43.5,2.8,2.5,13.8,27,147,101,19.7
"425",44,2021,3,26,"Away","TOR",29,38,"L",8,14,0.571,0,2,0,4,4,1,4,6,10,5,1,0,4,1,20,18.1,-13,0.635,0.571,12.2,25.6,17.8,28.9,1.7,0,20.2,27.4,118,137,4.3
"426",45,2021,3,26,"Away","NOP",41,7,"W",17,30,0.567,3,5,0.6,0,0,NA,2,4,6,9,2,1,1,3,37,32.2,23,0.617,0.617,5.6,15.1,9.6,38.7,2.6,2.4,3.2,34.8,135,118,15
"427",46,2021,3,26,"Home","ATL",28,13,"W",7,12,0.583,1,2,0.5,1,2,0.5,3,7,10,8,1,2,0,0,16,22.2,20,0.621,0.625,11.6,33.1,21.3,35.7,1.8,8.1,0,20.1,159,102,18.5
"428",47,2021,3,26,"Home","PHI",34,25,"W",8,14,0.571,0,1,0,5,6,0.833,3,7,10,5,0,0,5,1,21,16.3,8,0.631,0.571,11,20.8,16.4,25,0,0,23.1,27.8,110,106,1
"429",48,2021,4,26,"Away","LAC",35,50,"W",6,16,0.375,2,3,0.667,0,0,NA,1,6,7,7,0,1,4,3,14,8.1,13,0.438,0.438,3.4,18.3,11.3,30.3,0,2.6,20,26.7,87,108,-2.4
"430",49,2021,4,26,"Home","ORL",37,42,"W",5,11,0.455,0,1,0,7,9,0.778,2,7,9,16,1,0,4,4,17,20.6,15,0.568,0.455,5.7,19.8,12.7,55.6,1.3,0,21.1,20.9,129,115,8.4
"431",50,2021,4,26,"Home","DET",26,46,"W",13,16,0.813,0,0,NA,1,2,0.5,2,6,8,11,1,1,1,3,27,31,9,0.8,0.813,10,28.3,19.4,60.3,1.9,3.9,5.6,29.7,171,122,23.9
"432",51,2021,4,26,"Home","SAS",30,27,"W",11,18,0.611,0,2,0,3,4,0.75,1,8,9,10,1,0,6,0,25,21.5,5,0.633,0.611,3.7,24.3,14.9,69.6,1.5,0,23.3,34.3,109,94,12.8
"433",52,2021,4,26,"Home","SAS",38,22,"W",9,17,0.529,2,2,1,6,6,1,5,8,13,14,1,0,6,4,26,26.8,7,0.662,0.588,17.4,20.9,19.4,55.2,1.3,0,23.4,29.9,131,119,9
"434",53,2021,4,26,"Home","BOS",31,30,"L",6,15,0.4,0,2,0,5,7,0.714,2,8,10,11,1,1,2,3,17,18.1,9,0.47,0.4,5.5,28.3,15.5,73.3,1.7,2.8,10,29.2,109,109,13.6
"435",54,2021,4,26,"Away","GSW",37,17,"L",10,21,0.476,1,5,0.2,6,8,0.75,4,8,12,8,1,1,4,1,27,23.6,-14,0.551,0.5,12.3,29.4,20.1,39.4,1.3,3.5,14,32.5,113,115,8.7
"436",55,2021,4,26,"Home","MIA",32,2,"W",6,14,0.429,1,2,0.5,4,5,0.8,4,6,10,11,1,2,2,3,17,20.7,7,0.525,0.464,16.2,25,20.5,42.3,1.7,6.4,11,26,135,113,10.5
"437",56,2021,4,26,"Away","HOU",27,5,"W",10,12,0.833,1,1,1,8,9,0.889,6,10,16,7,2,0,0,3,29,37.1,9,0.909,0.875,23.6,40.3,31.9,43.9,3.7,0,0,24.3,199,95,34.3
"438",57,2021,4,26,"Home","MEM",45,4,"W",20,31,0.645,2,6,0.333,5,6,0.833,7,8,15,8,0,1,7,3,47,38.3,3,0.699,0.677,18,18.7,18.4,40.8,0,1.9,17.2,38.1,127,115,11
"439",58,2021,4,26,"Away","POR",35,38,"W",9,18,0.5,1,6,0.167,6,7,0.857,4,5,9,5,0,1,4,0,25,20.1,3,0.593,0.528,11.2,17.3,13.9,25.1,0,2.6,15.9,31.1,118,118,5.1
"440",59,2021,4,26,"Away","GSW",33,24,"L",7,16,0.438,0,3,0,5,5,1,0,6,6,6,0,0,1,2,19,14.8,-18,0.522,0.438,0,23.3,9.8,36,0,0,5.2,26.1,109,126,-0.2
"441",60,2021,4,26,"Home","HOU",29,1,"W",10,14,0.714,0,0,NA,4,6,0.667,0,8,8,12,1,1,4,4,24,24.3,10,0.721,0.714,0,32.3,18.6,59.3,1.6,3.9,19.4,32.5,133,111,9.8
"442",61,2021,4,26,"Home","MEM",29,40,"W",6,12,0.5,2,3,0.667,10,10,1,1,14,15,5,2,0,6,3,24,21.2,11,0.732,0.583,3.4,49.2,26.1,22.9,3.1,0,26.8,31.6,115,85,10.1
"443",62,2021,4,26,"Home","NOP",36,29,"W",12,20,0.6,2,4,0.5,6,8,0.75,0,7,7,8,3,3,6,1,32,28.4,7,0.68,0.65,0,22.5,11.5,38.7,3.6,6.9,20.3,34.3,112,97,12.4
"444",63,2021,4,26,"Home","TOR",28,26,"W",8,13,0.615,2,3,0.667,1,1,1,4,7,11,2,1,0,1,1,19,19,-4,0.707,0.692,15.7,29.5,22.4,11.1,1.7,0,6.9,21.1,148,113,8.8
"445",64,2021,5,26,"Away","LAC",33,22,"W",9,17,0.529,2,6,0.333,10,10,1,2,12,14,7,0,1,0,4,30,30.7,-3,0.701,0.588,7.8,37.5,24.3,38.7,0,2.9,0,31,159,111,20.3
"446",65,2021,5,26,"Away","LAL",35,36,"L",12,28,0.429,1,4,0.25,7,8,0.875,3,6,9,5,2,1,2,4,32,23.3,3,0.508,0.446,9.6,19.3,14.4,34,2.9,3.1,6,44.7,104,96,11.5
"447",66,2021,5,26,"Home","NYK",29,7,"W",10,16,0.625,0,2,0,12,15,0.8,3,9,12,6,2,2,4,3,32,30.8,15,0.708,0.625,9.3,28.5,18.8,48.2,3.2,6.5,15,35.2,133,87,21.8
"448",67,2021,5,26,"Away","UTA",35,2,"L",9,11,0.818,2,2,1,4,4,1,2,7,9,13,0,1,5,5,24,26.2,-4,0.94,0.909,7.2,25.2,16.2,58.1,0,3.2,28.2,22.4,153,132,14.1
"449",68,2021,5,26,"Home","BRK",36,56,"L",10,21,0.476,0,5,0,9,9,1,3,4,7,6,0,0,5,3,29,19.6,3,0.581,0.476,9.1,20.8,13.4,26.9,0,0,16.7,34.1,114,134,0.5
"450",69,2021,5,26,"Away","CHO",32,57,"W",7,16,0.438,0,2,0,16,17,0.941,2,9,11,6,0,0,2,2,30,26.7,12,0.639,0.438,6.6,30.5,18.4,28.4,0,0,7.8,33.3,137,113,7.3
"451",70,2021,5,26,"Away","MIN",32,14,"W",14,21,0.667,0,3,0,3,3,1,6,8,14,4,1,1,2,2,31,30.2,8,0.694,0.667,19.4,23.8,21.7,23.7,1.5,3.8,8.2,32.1,140,102,16.1
"452",71,2021,5,26,"Away","DET",26,28,"W",7,11,0.636,0,0,NA,6,7,0.857,3,12,15,11,0,0,1,2,20,26.3,18,0.71,0.636,13.3,44.4,30.2,68.1,0,0,6.6,26.5,157,95,22.4
"453",72,2021,5,26,"Away","POR",16,41,"L",9,17,0.529,0,3,0,3,3,1,1,2,3,2,1,0,1,3,21,14.2,-13,0.573,0.529,5.8,15.6,9.9,31.8,2.9,0,5.2,50.3,115,132,7.6
"454",1,2021,10,26,"Away","PHO",34,43,"W",13,22,0.591,1,6,0.167,0,0,NA,2,11,13,2,2,0,3,3,27,20.7,28,0.614,0.614,6.9,29.8,19.8,10.6,2.8,0,12,33.2,109,92,3.9
"455",2,2021,10,26,"Home","SAS",33,37,"W",14,19,0.737,2,2,1,2,3,0.667,5,11,16,7,3,1,6,4,32,31.7,14,0.787,0.789,17.8,39.3,28.6,41.6,4.2,2.4,22.8,34,127,85,21
"456",3,2021,10,26,"Home","CLE",34,57,"L",9,15,0.6,1,4,0.25,5,6,0.833,3,16,19,3,3,0,6,3,24,21.5,-12,0.68,0.633,8.4,46.8,27.2,18.2,4.3,0,25.4,28.9,105,90,10.2
"457",4,2021,10,26,"Away","UTA",15,0,"L",8,9,0.889,3,3,1,5,7,0.714,1,5,6,6,0,0,1,1,24,25.1,7,0.993,1.056,8.4,42.1,25.3,100,0,0,7.6,39.3,191,122,48.9
"458",5,2021,10,26,"Home","DAL",25,15,"W",5,9,0.556,1,3,0.333,0,0,NA,2,14,16,8,1,0,1,4,11,16.3,26,0.611,0.611,10.9,51.2,35,45.4,1.9,0,10,17.6,137,67,17.1
"459",6,2021,10,26,"Away","MIN",36,40,"W",10,23,0.435,3,8,0.375,3,4,0.75,5,14,19,7,1,2,7,2,26,20.7,17,0.525,0.5,14.5,37.4,26.5,40,1.4,5.5,22,36.8,97,86,8.6
"460",7,2021,11,26,"Away","MEM",33,3,"L",9,15,0.6,2,6,0.333,3,4,0.75,1,6,7,7,0,4,3,2,23,22.1,0,0.686,0.667,2.9,19.4,10.7,39.2,0,9.2,15.2,26.9,120,105,13.5
"461",8,2021,11,26,"Away","MEM",35,1,"L",11,20,0.55,2,5,0.4,10,10,1,2,9,11,5,2,0,2,3,34,30.8,-3,0.697,0.6,6.2,34.3,18.8,24.5,2.9,0,7.6,33.6,141,112,17.8
"462",9,2021,11,26,"Home","HOU",36,23,"W",9,15,0.6,1,3,0.333,9,11,0.818,2,12,14,2,2,1,5,5,28,22.4,7,0.706,0.633,5.3,37.7,20.1,10.9,2.8,2.8,20.1,30.5,116,93,7.5
"463",10,2021,11,26,"Home","MIA",33,24,"W",10,14,0.714,0,0,NA,5,8,0.625,4,11,15,10,2,2,2,3,25,31.3,14,0.713,0.714,13.4,36.8,25.1,52,3,6.8,10.2,25.4,148,91,24.4
"464",11,2021,11,26,"Home","ATL",35,29,"W",10,22,0.455,1,8,0.125,1,4,0.25,5,14,19,10,1,0,2,5,22,21.1,19,0.463,0.477,14.7,35.7,26,51.1,1.4,0,7.8,32.9,109,95,10.2
"465",12,2021,11,26,"Home","POR",27,57,"W",11,17,0.647,3,3,1,3,3,1,2,7,9,9,0,0,3,2,28,26.5,9,0.764,0.735,8.2,28,18.2,55,0,0,14.1,34.8,150,109,20.4
"466",13,2021,11,26,"Away","DAL",36,52,"L",15,26,0.577,2,6,0.333,3,6,0.5,3,13,16,6,0,2,3,1,35,29.8,-1,0.611,0.615,8.9,36.8,23.1,38.2,0,4.8,9.5,40.2,121,116,15.7
"467",14,2021,11,26,"Home","PHI",35,24,"L",10,17,0.588,3,4,0.75,7,9,0.778,1,9,10,7,0,1,1,3,30,28.1,-5,0.716,0.676,2.8,29.1,14.9,51.5,0,2.4,4.6,28.1,145,111,20.2
"468",15,2021,11,26,"Away","MIA",32,35,"W",9,14,0.643,1,2,0.5,5,6,0.833,3,12,15,7,1,0,1,2,24,27.2,17,0.721,0.679,13.8,42.1,29.9,34.7,1.6,0,5.7,27,157,111,13.9
"469",16,2021,12,26,"Away","ORL",36,11,"L",7,19,0.368,0,5,0,4,5,0.8,1,14,15,7,1,0,5,1,18,12.5,2,0.425,0.368,3.4,53.1,26.9,31.3,1.3,0,19.1,33.7,82,108,-1.9
"470",17,2021,12,26,"Away","NYK",26,56,"W",14,19,0.737,3,7,0.429,1,1,1,3,8,11,5,0,0,4,0,32,28.3,12,0.823,0.816,16.7,28.5,23.9,46.8,0,0,17.1,42.1,138,110,19.1
"471",18,2021,12,26,"Away","CHI",36,7,"L",6,17,0.353,1,5,0.2,4,6,0.667,1,11,12,15,2,0,3,2,17,19.4,7,0.433,0.382,2.5,28.1,15.2,66.4,2.7,0,13.3,27,102,104,13.2
"472",19,2021,12,26,"Away","NOP",36,42,"W",17,23,0.739,0,3,0,5,9,0.556,1,10,11,11,1,0,6,2,39,33.7,4,0.723,0.739,3.5,38,20.1,77.7,1.4,0,18.2,42.9,124,108,17.1
"473",20,2021,12,26,"Away","SAS",34,59,"L",8,19,0.421,2,8,0.25,4,4,1,2,11,13,10,2,1,2,3,22,23.1,-5,0.53,0.474,6.1,35.9,20.5,44.2,2.8,2.6,8.8,29,116,116,11
"474",21,2021,12,26,"Away","SAS",34,12,"W",15,24,0.625,4,6,0.667,1,1,1,2,15,17,8,1,2,5,3,35,31.9,32,0.716,0.708,6.8,46.8,27.7,43.3,1.4,4.5,17,37.5,126,101,15
"475",22,2021,12,26,"Home","WAS",30,36,"W",9,14,0.643,1,2,0.5,9,11,0.818,2,17,19,9,3,1,4,0,28,33.5,21,0.743,0.679,8,52.3,33.1,61.7,4.6,2.8,17.5,33.6,134,92,24.7
"476",23,2021,12,26,"Home","MIN",34,57,"L",11,16,0.688,2,4,0.5,3,5,0.6,2,8,10,11,1,0,4,4,27,26.3,-17,0.742,0.75,6.5,28.2,17,66,1.4,0,18,27.4,132,124,14.6
"477",24,2021,12,26,"Away","ATL",26,6,"W",8,12,0.667,1,2,0.5,3,3,1,2,8,10,7,3,0,3,5,20,21.5,13,0.751,0.708,11.9,33.4,24.5,36.5,5.3,0,18.4,27.8,138,100,11.2
"478",25,2021,12,26,"Away","OKC",24,52,"L",5,9,0.556,1,4,0.25,2,2,1,0,7,7,3,0,2,3,0,13,11.3,-15,0.658,0.611,0,27,13.6,24.8,0,6.4,23.3,23.4,101,106,4.3
"479",26,2021,12,26,"Home","CHO",35,7,"L",13,34,0.382,1,6,0.167,2,3,0.667,6,15,21,5,2,0,6,0,29,18.2,2,0.411,0.397,17.1,36.6,27.6,30.7,2.6,0,14.5,47.7,84,101,1.3
"480",27,2021,12,26,"Away","LAC",37,30,"W",9,24,0.375,1,3,0.333,7,7,1,6,16,22,8,2,2,4,4,26,25.2,-7,0.48,0.396,16,44.5,30,37.3,2.6,4.3,12.9,34.9,105,90,10
"481",28,2021,12,26,"Away","GSW",35,19,"W",8,19,0.421,0,5,0,6,8,0.75,5,14,19,5,4,1,8,2,22,18.2,6,0.488,0.421,14.2,48.8,29.7,29.4,5.9,3.4,26.2,38.8,85,78,6.9
"482",29,2022,1,26,"Away","HOU",25,9,"W",8,12,0.667,1,2,0.5,7,9,0.778,1,10,11,3,0,1,4,4,24,18.9,7,0.752,0.708,5.3,41.5,25.6,18.6,0,4.4,20,32.9,125,107,4.1
"483",30,2022,1,26,"Away","DAL",34,44,"L",11,18,0.611,1,4,0.25,4,4,1,4,12,16,3,2,0,3,3,27,25.1,-6,0.683,0.639,16.3,40.4,29.5,26.2,3,0,13.2,30,128,105,14.3
"484",31,2022,1,26,"Home","UTA",37,14,"L",10,17,0.588,1,3,0.333,5,6,0.833,2,19,21,11,0,2,5,2,26,28.1,-1,0.662,0.618,6.1,55.7,31.5,48.7,0,5.1,20.3,29.8,121,108,15.5
"485",32,2022,1,26,"Home","SAC",33,37,"W",13,20,0.65,3,6,0.5,4,8,0.5,1,9,10,7,2,2,2,3,33,31.1,0,0.702,0.725,3.6,26.8,16.2,35.1,2.9,4.5,7.8,35.5,132,104,16.6
"486",33,2022,1,26,"Away","OKC",32,43,"W",8,21,0.381,1,3,0.333,5,5,1,8,10,18,6,1,0,2,0,22,22.3,10,0.474,0.405,24.5,31.9,28.1,34.8,1.6,0,7.9,33.3,120,102,10.3
"487",34,2022,1,26,"Away","LAC",36,38,"L",9,14,0.643,1,3,0.333,2,2,1,5,8,13,8,1,0,5,2,21,21.5,6,0.706,0.679,16,22.8,19.6,51.9,1.4,0,25.2,24.2,117,93,14
"488",35,2022,1,26,"Home","POR",28,26,"W",8,10,0.8,1,2,0.5,3,3,1,0,8,8,7,0,2,3,2,20,21.1,18,0.883,0.85,0,30,18.3,30.7,0,7.3,20.9,22.6,151,104,11.2
"489",36,2022,1,26,"Home","LAL",28,10,"W",7,12,0.583,1,2,0.5,2,2,1,2,10,12,13,1,0,3,1,17,22.5,16,0.66,0.625,8.1,34.1,22.2,63.2,1.8,0,18.9,25.9,144,100,17.8
"490",37,2022,1,26,"Home","UTA",36,44,"L",10,18,0.556,2,5,0.4,3,3,1,3,12,15,14,2,0,3,5,25,28.9,5,0.647,0.611,8.2,37.3,21.8,63.2,2.7,0,13.4,27.1,130,121,18.9
"491",38,2022,1,26,"Home","LAC",41,16,"W",16,25,0.64,3,5,0.6,14,16,0.875,7,7,14,10,3,1,5,4,49,48.2,15,0.765,0.7,18.7,20.9,19.8,46.8,3.7,2.2,13.5,39.3,147,118,24.3
"492",39,2022,1,26,"Home","MEM",40,11,"L",11,16,0.688,2,4,0.5,2,3,0.667,3,8,11,12,2,1,0,3,26,33.2,0,0.751,0.75,8,23.9,15.5,48,2.4,2.1,0,18.1,168,116,19.4
"493",40,2022,1,26,"Home","DET",36,6,"W",12,19,0.632,1,6,0.167,9,10,0.9,2,7,9,8,2,1,3,1,34,33.5,12,0.726,0.658,7,31,17.6,37.9,2.7,2.9,11.4,33.1,141,108,16.7
"494",41,2022,1,26,"Away","DET",33,55,"W",9,20,0.45,3,8,0.375,7,7,1,3,18,21,9,1,0,3,2,28,28.6,14,0.607,0.525,9.9,52,32.3,54.8,1.4,0,11.5,30.1,133,95,18
"495",42,2022,1,26,"Away","BRK",35,10,"W",8,13,0.615,2,2,1,8,8,1,2,8,10,8,1,0,2,5,26,26.5,6,0.787,0.692,6.2,26,15.9,35.1,1.3,0,10.8,22.2,159,116,11.7
"496",43,2022,1,26,"Away","NOP",30,18,"W",11,19,0.579,3,6,0.5,4,4,1,3,10,13,10,2,0,6,5,29,26.2,15,0.698,0.658,12.5,33,23.9,67.2,3.1,0,22.4,37.2,122,95,16.3
"497",44,2022,1,26,"Away","MIL",28,14,"W",7,9,0.778,2,4,0.5,2,2,1,0,10,10,15,3,1,5,1,18,26.3,24,0.911,0.889,0,41.5,23.3,62,5.4,3.5,33.6,24.9,150,92,27.9
"498",45,2022,2,26,"Away","MIN",30,23,"L",6,12,0.5,1,4,0.25,8,9,0.889,2,14,16,8,1,0,5,3,21,20.6,-7,0.658,0.542,6.4,45.1,25.8,44.3,1.6,0,23.9,29.2,117,120,7.1
"499",46,2022,2,26,"Home","NOP",34,48,"L",7,10,0.7,3,3,1,8,8,1,2,10,12,9,2,0,4,4,25,27.9,-6,0.925,0.85,6.9,47.6,24,49,3,0,22.8,24.1,158,119,18.1
"500",47,2022,2,26,"Home","BRK",29,49,"W",12,15,0.8,0,2,0,3,4,0.75,1,11,12,10,2,1,2,1,27,32.2,27,0.805,0.8,4.1,34.1,21.2,54.2,3.3,3.5,10.7,26.7,154,95,26
"501",48,2022,2,26,"Home","NYK",30,24,"W",8,14,0.571,0,3,0,5,7,0.714,3,8,11,7,0,0,6,2,21,16.2,1,0.615,0.571,12.1,23.4,18.7,33.1,0,0,26,32.6,111,117,-0.7
"502",49,2022,2,26,"Away","BOS",34,21,"L",9,20,0.45,3,10,0.3,2,4,0.5,5,11,16,11,0,2,9,2,23,17.9,3,0.528,0.525,14.6,26.5,21.1,58.2,0,4.7,29.3,36.1,94,101,9.4
"503",50,2022,2,26,"Away","TOR",34,59,"W",10,16,0.625,0,2,0,8,10,0.8,5,10,15,6,0,2,4,1,28,27.7,3,0.686,0.625,17.6,29.8,24.2,32.6,0,5.1,16.4,30.4,132,113,12
"504",51,2022,2,26,"Home","ORL",34,48,"W",10,26,0.385,3,9,0.333,3,3,1,5,10,15,7,1,0,5,2,26,18.4,7,0.476,0.442,16,27,22,34.2,1.3,0,15.5,37.1,104,104,1.2
"505",52,2022,2,26,"Away","GSW",34,21,"W",13,24,0.542,3,5,0.6,6,9,0.667,5,12,17,8,1,0,5,3,35,29.7,6,0.626,0.604,17,38.1,27.9,45,1.4,0,15.2,39,123,112,15.3
"506",53,2022,2,27,"Away","SAC",34,21,"W",9,15,0.6,2,4,0.5,5,7,0.714,1,11,12,9,4,1,2,3,25,29.1,17,0.691,0.667,4.5,36.6,23,35.5,5.4,2.5,10,25.3,139,96,16.2
"507",54,2022,2,27,"Home","SAC",34,24,"W",6,16,0.375,0,5,0,6,8,0.75,2,8,10,11,0,0,2,5,18,15.9,-5,0.461,0.375,7,22.3,15.5,51.8,0,0,9.3,28.1,113,108,2.6
"508",55,2022,2,27,"Away","POR",26,8,"W",3,5,0.6,0,1,0,2,2,1,1,17,18,11,1,0,2,2,8,17.4,6,0.68,0.6,4.7,53.8,34.1,52.5,1.8,0,25.4,12.7,144,77,15.4
"509",56,2022,3,27,"Home","OKC",32,47,"L",10,17,0.588,0,4,0,2,2,1,4,12,16,4,2,0,6,2,22,18.5,-27,0.615,0.588,11.5,38.2,24.2,23.1,2.9,0,25.1,30.8,100,112,1
"510",57,2022,3,27,"Home","NOP",42,34,"W",16,22,0.727,3,5,0.6,11,12,0.917,3,9,12,11,3,4,5,3,46,48.7,22,0.843,0.795,8.3,22,15.6,50.6,3.4,7.3,15.5,33.2,150,108,25.5
"511",58,2022,3,27,"Home","GSW",34,44,"W",12,17,0.706,0,0,NA,8,14,0.571,3,12,15,13,0,1,3,3,32,33.8,14,0.691,0.706,10.6,38.6,25.3,61.1,0,2.9,11.5,32.6,139,120,14.4
"512",59,2022,3,27,"Away","SAC",35,1,"W",15,24,0.625,0,2,0,8,9,0.889,3,15,18,7,1,2,3,4,38,36.1,6,0.68,0.625,10.3,42,27.7,49.4,1.4,5.4,9.7,38.5,134,94,18.7
"513",60,2022,3,27,"Home","GSW",31,46,"L",9,21,0.429,0,8,0,5,6,0.833,1,11,12,9,1,1,5,4,23,16.9,-7,0.486,0.429,3.8,36.9,21.3,63.5,1.6,3.3,17.5,39.7,100,115,7.2
"514",61,2022,3,27,"Home","TOR",30,31,"L",9,13,0.692,0,0,NA,8,9,0.889,4,6,10,7,0,2,3,2,26,27.2,-4,0.767,0.692,17.5,17.8,17.7,38.2,0,4.4,15,29.2,147,130,13.5
"515",62,2022,3,27,"Away","PHI",33,32,"W",8,16,0.5,1,3,0.333,5,7,0.714,1,12,13,8,2,2,5,1,22,21.1,-9,0.577,0.531,3.3,36.5,20.7,35.2,2.9,5.6,20.8,32.9,106,100,8.9
"516",63,2022,3,27,"Away","WAS",26,18,"W",10,14,0.714,2,2,1,7,7,1,2,11,13,8,2,1,3,2,29,32.4,16,0.849,0.786,8.5,43.6,26.7,52.6,3.8,2.9,14.9,33.9,155,97,29.3
"517",64,2022,3,27,"Away","CLE",37,30,"L",15,24,0.625,0,4,0,2,2,1,5,5,10,8,2,1,4,3,32,29.3,-16,0.643,0.625,16.1,13.3,14.6,45.6,2.7,2.3,13.9,34.6,124,112,13
"518",65,2022,3,27,"Home","BOS",33,1,"L",8,23,0.348,2,6,0.333,5,6,0.833,4,4,8,4,1,1,2,2,23,15.4,-21,0.449,0.391,12.6,17.6,14.7,24.9,1.6,3.5,7.2,37.2,104,135,2
"519",66,2022,3,27,"Home","LAC",34,19,"W",9,15,0.6,0,2,0,12,13,0.923,1,13,14,6,2,3,1,5,30,32.6,10,0.724,0.6,4,45.5,26.1,25.9,3,7.8,4.6,29.7,154,107,14.9
"520",67,2022,3,27,"Home","PHO",32,19,"L",9,10,0.9,1,2,0.5,9,11,0.818,2,4,6,6,3,0,8,2,28,24.8,-15,0.943,0.95,8.7,18.6,13.5,25.7,4.5,0,35,31.2,128,135,8.9
"521",68,2022,3,27,"Home","OKC",34,56,"W",13,15,0.867,0,1,0,9,10,0.9,2,10,12,8,2,2,3,4,35,38.1,19,0.902,0.867,6.7,32.7,19.9,47.5,2.8,5.7,13.4,27.8,161,101,21.9
"522",69,2022,3,27,"Away","CHO",35,26,"W",9,17,0.529,0,0,NA,8,12,0.667,5,14,19,11,2,0,4,1,26,29.1,21,0.583,0.529,13.8,45.2,28.3,53.6,2.7,0,15.2,31.1,126,102,15
"523",70,2022,3,27,"Away","IND",35,39,"W",15,19,0.789,0,0,NA,7,8,0.875,3,10,13,9,2,1,7,3,37,35.2,11,0.821,0.789,15,25.4,21.9,40.7,2.8,2.4,23.7,37.8,136,114,13.2
"524",71,2022,4,27,"Home","MIN",43,23,"L",14,21,0.667,0,2,0,10,12,0.833,5,14,19,8,1,0,4,2,38,37.6,4,0.723,0.667,14.6,35.2,25.6,29,1.1,0,13.2,28.7,140,129,9
"525",72,2022,4,27,"Away","LAL",32,59,"W",15,22,0.682,0,3,0,8,11,0.727,1,17,18,6,2,2,7,3,38,32.6,7,0.708,0.682,3.6,65.1,33.6,34.7,2.8,4,20.7,46.1,114,105,7.6
"526",73,2022,4,27,"Home","SAS",40,23,"L",18,35,0.514,1,5,0.2,4,6,0.667,2,15,17,4,2,0,2,3,41,30.4,-11,0.545,0.529,4.5,38.8,20.4,24.3,2.3,0,5,41.2,108,108,13.4
"527",74,2022,4,27,"Home","MEM",35,15,"W",16,24,0.667,1,3,0.333,2,2,1,3,13,16,6,4,1,3,2,35,35.7,37,0.703,0.688,12.8,39.3,28.3,36.8,5.6,2.2,10.8,35.2,136,96,18.8
